actor_id,name
1,Allison Hill
2,Noah Rhodes
3,Angie Henderson
4,Daniel Wagner
5,Cristian Santos
6,Connie Lawrence
7,Abigail Shaffer
8,Gina Moore
9,Gabrielle Davis
10,Ryan Munoz
11,Monica Herrera
12,Jamie Arnold
13,Lisa Hensley
14,Michele Williams
15,Dylan Miller
16,Brian Ramirez
17,Holly Wood
18,Derek Zuniga
19,Lisa Jackson
20,Carla Gray
21,Margaret Hawkins DDS
22,Patty Perez
23,Ethan Adams
24,Tommy Walter
25,Matthew Foster
26,Judy Baker
27,Justin Baker
28,Stephanie Ross
29,Zachary Hicks
30,Anthony Rodriguez
31,Rebecca Henderson
32,James Ferrell
33,Tricia Valencia
34,Nathan Maldonado
35,Debra Davidson
36,Jeffrey Chavez
37,Sherri Baker
38,Cassandra Gaines
39,Elizabeth Fowler
40,Brittany Farmer
41,Paula Moreno
42,Fred Smith
43,Sherry Decker
44,Anthony Humphrey
45,Angelica Tucker
46,Philip Cannon
47,John Pierce
48,Shane Henderson
49,Joshua Blair
50,Eric Carney
51,Jessica Holmes
52,Danny Morgan
53,Crystal Robinson
54,Mark Perez
55,Shannon Jones
56,Michael Lewis
57,Timothy Duncan
58,Richard Aguirre
59,Brent Jordan
60,John Daniel
61,Victoria Garcia
62,Gerald Hensley
63,Connor West
64,Donald Wright
65,Jessica Callahan
66,Amber Kidd
67,Tracy House
68,Carol Tucker
69,James Brown
70,William Baker
71,Jordan Henderson
72,Whitney Peters
73,Brittney Phillips
74,Lauren Daniels
75,Amy Silva
76,Sarah Moore
77,Angela Lopez
78,Megan Young
79,Steve Sanchez
80,Lisa Barnes
81,Kelly Donovan
82,Mike Allen
83,Michael Evans
84,Paul Jones
85,Zachary Ferrell
86,Daniel Baker
87,Shirley Suarez
88,Christopher Bass
89,Lisa Archer
90,Aimee Montoya
91,Matthew Mcmillan
92,Brian Rodriguez
93,Denise Jacobs
94,Christina Walters
95,John Whitehead
96,Anna Henderson
97,Aaron Wise
98,Deborah Figueroa
99,Jessica Smith
100,Stephen Mckee
101,Sandra Aguilar
102,Cameron Parker
103,Rebecca Valencia
104,Christine Wright
105,Richard Henson
106,Marc Moore
107,Sharon Cherry
108,Sierra Johnson
109,Evelyn Galvan
110,Sharon Cochran
111,Richard Rodriguez
112,Shannon Walker
113,Julia Torres
114,Crystal Johnson
115,Garrett Lin
116,Diana May
117,William Herrera
118,Ashley Waller
119,Victor Baker
120,Jeffrey Chandler
121,Larry Dixon
122,Kenneth Scott
123,April Frost
124,Michelle Harmon
125,Helen Jones
126,Erin Edwards
127,Michelle Evans
128,Jason Powell
129,Cameron Fisher
130,Megan Orr
131,Elizabeth Kelley
132,Dustin Jordan
133,Mary Marshall
134,Daniel Kennedy
135,Rebecca Jackson
136,Jose Schultz
137,Robert Potter
138,Courtney Gonzalez
139,David Alvarez
140,Angel Perry
141,Cheyenne Horton
142,David Douglas Jr.
143,Patricia Rodriguez
144,Christopher Rubio
145,Amber Wright
146,Joyce Solis
147,Victoria Larson
148,Stephanie Salazar
149,Kathy Rivas
150,Stephanie Manning
151,David Wright
152,Pamela Boyd
153,Denise Jones
154,Devon Flores
155,Brenda Hall
156,Michelle Brown
157,Joshua Perry
158,Jason Stein
159,Melissa Gates
160,Jamie Smith
161,Paul Castaneda
162,Jennifer Adkins
163,Lindsey Walker
164,Jeffrey Johnson
165,Michael Powell
166,John Anderson
167,Alyssa Long
168,Alyssa Day
169,Joel Williams
170,Daniel Murphy
171,Jamie Walton
172,Darlene Miller
173,Joshua Cooke
174,Matthew Harrington
175,Nicole Herring
176,Alex Hernandez
177,Michael Elliott
178,Michael Wang
179,Lawrence Adkins
180,Robert Oconnell
181,Alexander Collins
182,Tina Sanders
183,Angela Vaughn
184,Ashley Barton
185,Lindsay Martinez
186,Dr. Hannah Patterson
187,Jonathan Peterson
188,Samantha Garcia
189,Madison Poole
190,Jessica Gross
191,Debra Morton
192,Karen Graham
193,Debra Christian
194,Angelica Keith
195,John Bishop
196,Allen Rosales
197,Daniel Salinas
198,Spencer Haynes
199,Adam Vaughan
200,Nathan Freeman
201,Melissa Brewer
202,Ricky Davis II
203,Elizabeth Perkins
204,Joseph Coleman
205,Erin Warner
206,David Martinez
207,Bryan Herrera
208,Cathy Robinson
209,Dr. William Warren
210,Brian Lee
211,Christopher Smith
212,Denise Mccann
213,Melissa Martinez
214,Katherine Salas
215,Julie Alexander
216,Anthony Everett
217,Rodney Morales
218,Mark Brown
219,Justin Torres
220,Bailey Duran DDS
221,Courtney Mills
222,Jeremy Dalton
223,Elizabeth Oliver DDS
224,Theresa Clark
225,Matthew Moore
226,Benjamin Smith
227,Kirk Carter
228,Michael Warner
229,Michael Bradshaw
230,Lori Guerrero
231,Jessica Stephens
232,Susan Serrano
233,Christopher Parker
234,Laura Roberts
235,Michael Lyons
236,Kathryn Snyder
237,Andrew Reynolds
238,David Davis
239,Sara Johnston
240,Yvonne Chambers
241,Andrew Avila
242,Matthew Moon
243,Kevin Walters
244,Brandon Bailey MD
245,Shannon Rivera
246,Donna Landry
247,Krista Gibson
248,Frank Cordova
249,Jose Travis
250,Kimberly Gutierrez
251,Isaiah Avila
252,Olivia Harris
253,Tanya Kim
254,Barbara Dudley
255,Cynthia Moore
256,Kristen Davis
257,Susan Murray MD
258,Kathleen Moran
259,Denise Davenport
260,Mrs. Kristen Reyes
261,Katie Suarez
262,Desiree Tyler
263,Timothy Romero
264,Diane Evans
265,Yvonne Burns
266,Joshua Reed
267,Kimberly Gibson
268,Colin Terry
269,Cynthia Rowe
270,Patrick Thornton
271,Jasmin Alvarado
272,Veronica Simpson
273,Jonathan Lawrence
274,Shelly Alexander
275,Joyce Bowen
276,Matthew Moore
277,Wayne Morgan
278,Marie Christian
279,Shannon James
280,Nathan Malone
281,Amanda Jones
282,Tammie Bright
283,Jessica Garcia
284,Shelia Wallace
285,Stephanie Williams
286,Elaine Brooks
287,Joseph Knight
288,Carolyn Miller
289,Lisa Allen
290,Briana Murray
291,David Smith
292,Stephanie Byrd
293,Jeremy Reed
294,Margaret Coleman
295,Ryan Gonzalez
296,John Young
297,Laura Haney
298,William Barrett
299,Keith Jennings
300,Amber Obrien
301,Tanner Mitchell DDS
302,Heather Fields
303,Megan Le
304,Sara Fuller
305,Maria Parker
306,Kevin Oconnor
307,Edward Burgess
308,Carlos Ryan
309,Kiara Mcintyre
310,Dawn Summers
311,Dr. Paul Morgan
312,Victor Taylor
313,Shannon Ramsey
314,Tracy Ballard
315,Richard Smith
316,Jordan Chambers
317,Lauren Carson
318,Ashley Hall
319,Stephen Hoffman
320,Connie Brown
321,Susan Turner
322,Charles Shah
323,Johnathan Davis
324,Brandy Chavez
325,Natalie Bautista
326,Patrick Moore
327,Brett Burns
328,Trevor Johnson
329,Jeremy Sampson
330,Ariana Jennings
331,Vanessa Howard
332,Colton Martinez
333,Jordan Bates
334,Linda Smith
335,Dana Martinez
336,Andrea Hubbard
337,Daniel Kane
338,Charles Lester
339,Scott Thomas
340,David Thompson
341,Allison Smith
342,Cynthia Morris
343,Anthony Harmon
344,Nichole Alvarez
345,Kayla Rodriguez
346,Theresa Williams
347,Sharon Boyd
348,Victor Brown
349,James Parks
350,Theodore Jones Jr.
351,Ana Hill
352,Kimberly Nguyen
353,Kerry Chavez DDS
354,Michael Farrell
355,Patricia Le
356,Jesse Perez
357,Jesse Perry
358,Jeffery Ortega
359,Christian Leblanc
360,Ronald Davis
361,Parker Cain
362,Laurie Hoffman
363,Bryan Gomez
364,Nicole Parrish
365,Tracy Burke
366,Kenneth Lewis
367,Courtney Rodriguez
368,Holly Farmer
369,Renee Bruce
370,Sabrina Austin
371,Allison Hickman
372,Debra White
373,Ellen Morgan
374,Sergio Knight
375,Charles Schultz
376,Paul Lewis
377,Glen Wood
378,Paula Bradley
379,Anthony Moore
380,Megan Nelson
381,Karla Ramos
382,Paul Wilson
383,Douglas Gregory
384,Mr. Andrew Foster
385,Aimee Turner
386,Chad Scott
387,Adam Burgess
388,James Padilla
389,Sandra Drake
390,Scott Williams
391,Thomas Atkins
392,Laura Mckinney
393,Brian Smith
394,Robert Montgomery
395,Tamara Davis
396,Dana Chapman
397,Jennifer Collins
398,Gary Jackson
399,Ashley Hicks
400,Hannah Luna
401,Robin Young
402,Craig Morrison
403,Mary Thompson
404,Kathleen Webster
405,Joann Glass
406,Madison Weber
407,Lori Hernandez
408,Jeremy Turner
409,Anthony Romero
410,Jesse Brown
411,Angela Lin
412,Lisa Hunter
413,Julian Conner
414,Joanna Pacheco
415,Erica Alvarez
416,Antonio Garcia
417,Gwendolyn Klein
418,Carrie Wright
419,Jeffrey Mills
420,Jake Campbell
421,George Harper
422,Maria Jones
423,Michael Mitchell
424,Mary Escobar
425,Felicia Aguilar
426,Gregory Ponce
427,Jenna Larson
428,Emily Bennett
429,Robin Santiago
430,Nancy Jennings
431,Maria Henderson
432,Jack White
433,Travis Tucker
434,Chad Jones
435,Ashley Wise
436,Sophia Johnson
437,Ralph Anderson
438,Christopher Guerra
439,Rhonda Martin
440,Jason Rhodes
441,Jeremy Mitchell
442,Joann Ferguson
443,Robert Harrison
444,Holly Valentine
445,Mrs. Diane Reyes
446,Tracy Montoya
447,Brenda Wright
448,Shelly Spencer
449,Ryan Rosales
450,Phillip Nelson
451,Brittany Kim
452,Courtney Hayes
453,Alexander Brown
454,Cynthia Vang
455,Alfred Galvan
456,Marie Moody
457,Dustin Gallegos
458,Brenda Thornton
459,Aaron Miller
460,Ruben Dunn
461,Kelsey Rodriguez
462,Eric Williams
463,Riley Bryant
464,Taylor Carlson
465,Jose Allen
466,Jeffrey Mendez
467,Jason Beck
468,William Jones
469,Katie Mcneil
470,Jeanette Harrison
471,Veronica King
472,Richard Cooper
473,Lori Ingram
474,Evelyn Williams
475,Robin Thompson
476,Julie Dominguez
477,Robin Brown
478,Judith Carter
479,Curtis Williams
480,Kaylee Hays
481,Dawn Mullins
482,Howard Norman
483,Evelyn Martinez
484,Steve Paul
485,Jasmine Beltran
486,Jonathan Glass MD
487,Monica Miller
488,Samantha Gardner
489,Bobby Guerrero
490,Lance Simmons
491,Heather Williams
492,Heather Bolton
493,William Gould
494,Mark Cox
495,Meghan Cisneros
496,Lawrence Harrington
497,Austin Osborne
498,James Bradley
499,Meghan Rush
500,Phillip Berry
501,Jennifer Banks
502,Brian Fitzgerald
503,Mr. Justin Green III
504,Zachary Mitchell
505,Katherine Martinez
506,Jodi Roach
507,Brandon Fleming
508,Emma Reed
509,Joshua Vance
510,Michelle Ho
511,Rebecca Hicks
512,Curtis Taylor
513,Allison Spencer
514,Robert Arnold
515,Angelica Parker
516,Dr. Kelly Hammond DVM
517,William Day
518,Michael Cooper
519,Penny Bowman
520,Vincent Reynolds
521,Amy Martinez
522,Christopher Morris
523,Hannah Everett
524,Sarah King
525,Krista Martinez
526,Joseph Shaw
527,Todd Moore
528,Michelle Jacobs
529,Kristy Bryan
530,Angel May
531,Marilyn Wang
532,Mark Jimenez
533,Donna Frye
534,Dr. Michael Evans
535,Anthony Gonzales
536,Mr. Lawrence Edwards
537,Morgan Valencia
538,Bianca Wood
539,Emma Owens
540,David Davis
541,James Gilbert
542,Sean Moore
543,Kenneth Edwards
544,Kathleen Robertson
545,Mr. Alexander Landry MD
546,Cindy Gomez
547,Johnny Khan
548,Julie Herrera
549,Jessica Khan
550,Pamela Diaz
551,Kelly Lee
552,Angel Gordon
553,Diana Hays
554,Barbara Hester
555,Robert Morgan
556,Nicole Gonzalez
557,Kathryn Williams
558,Gary Wells
559,Larry Robertson
560,Louis Martin
561,Nancy Evans MD
562,Kim Erickson
563,Robert Richardson
564,Veronica Silva
565,Molly Watts
566,John Coffey
567,Paula Lane
568,Lauren Jackson
569,Lisa Randall
570,Michael Johnson
571,Ashley Smith
572,Christian Vaughn
573,Reginald Knapp
574,Nancy Brown
575,Daniel Nguyen
576,Kelly Edwards
577,Thomas Peterson
578,Raymond Le
579,Melissa Bishop
580,David Grant
581,William Evans
582,Daniel Bush
583,Gregory Peck
584,Denise Martinez
585,Jamie Baird
586,Tina Ballard
587,Dwayne Klein
588,Jeremy Scott
589,Dale Ryan
590,Melissa Taylor
591,Laurie Sanchez
592,Kiara Little
593,Jason Love
594,Randy Smith
595,Tanya Russell
596,Sherry Woods
597,Victor Morris
598,Susan Davis
599,Kimberly Sharp
600,Susan Thompson
601,Casey Gillespie
602,Jennifer Simpson DVM
603,Tammy Mcdowell
604,Keith Rodriguez
605,Mrs. Virginia Daniels
606,Todd Rosales MD
607,Brian Martin
608,David Lopez
609,Rachel Bradley
610,Casey Chase
611,Samantha Robertson
612,Michael Lopez
613,Franklin Wright
614,David Molina
615,Elizabeth Sharp
616,Matthew Schwartz
617,Bryan Parker
618,Jonathan Jacobson
619,Emily Wilson
620,Elizabeth Mendez
621,Casey Hernandez
622,Lisa Perry
623,Kaitlin Medina
624,Colleen Wright
625,Shelley Miller
626,Michael Miller
627,Amy Kelley
628,Laura Hernandez
629,Joseph Wilson
630,Kevin Davis
631,Rhonda Chavez
632,Joyce Brown
633,Robert Cummings
634,Robert Reese
635,Amber Cooper
636,Zachary Michael
637,Timothy Johnson
638,Randy Cannon
639,Maria Fisher
640,Janet Kane DVM
641,Michael Stanley
642,Martha Bailey
643,Joshua Rice
644,Courtney Smith
645,Edwin Nunez
646,Kim Morrow
647,Gregory Hill
648,Molly Rodriguez
649,Jennifer Miranda
650,Alexis Harris
651,Andrew Harper
652,Amber Yang
653,David Robinson
654,Amy Gordon
655,Robert Dennis
656,Kyle Chambers
657,Eric Thomas
658,Connie Turner
659,Travis Hobbs
660,Lori Simmons
661,William David DDS
662,Emma Butler
663,James Webster
664,Samuel Turner
665,Renee Melendez
666,Tracy Grant
667,David Harris
668,Tammy Boone
669,Nathaniel Lee
670,Michael Morrison
671,Chelsea Gill
672,Kristin Mendoza
673,Felicia Krueger
674,Timothy Hayden
675,Zachary Mendoza
676,Larry Harris
677,Kristen Rowe
678,Joseph Howard
679,Jose Crawford
680,William Harrison
681,Suzanne Wood
682,Justin Walker
683,Dean Donovan
684,Jennifer Hernandez
685,James Whitaker
686,Mr. Michael Scott PhD
687,Maria Henry
688,Robert Jackson
689,Katherine Stark
690,Maria Brown
691,Ryan Landry
692,Pamela Gutierrez
693,Crystal Mann
694,Jonathan Brooks
695,Mary Jensen
696,Mr. Aaron Arnold
697,Joseph Hill
698,Alicia Li
699,Renee Browning
700,Brent Hernandez
701,Joseph Ochoa
702,James Watson
703,Karl Branch
704,Michael Abbott
705,Shannon Malone
706,James Tran
707,Adam Jackson
708,Mr. Richard Knight PhD
709,Joseph Williams
710,Sean Clay
711,Anthony Jones
712,Stephanie Elliott
713,Timothy Edwards
714,Laurie Goodwin
715,Jennifer Jones
716,David Davenport
717,Steven Rivera
718,Brenda Hinton
719,Kathryn Mccann
720,Jeffrey Roberson
721,Randy Friedman
722,Raymond Johnson
723,Willie Henry
724,Todd Reynolds
725,Mary Miller
726,Rebecca Marquez
727,Christian Dawson
728,Nancy Stewart
729,Aaron Parker
730,Derrick Anderson
731,Jerry Peters
732,Alexander Gomez
733,Kyle Nguyen
734,Edgar Hughes
735,Steven Stein
736,Laura Jackson
737,Charles Turner
738,Arthur Hamilton MD
739,Mr. David Wright
740,Linda Gonzalez
741,Eric Rush
742,Manuel Brock
743,George Ochoa
744,Valerie Taylor
745,Travis Harris
746,Vincent Novak
747,Michael Henry
748,Dana Bennett
749,Jenna Wilson
750,Leslie Gardner
751,Krista Benton
752,Michael Gonzales
753,Michael Fuentes
754,Jennifer Porter
755,Dana Hopkins
756,Rachel Jones
757,Karen Morales DDS
758,Melissa Stephens
759,Heather Woodard
760,Margaret Miller
761,Mary Kelly
762,Amanda Terrell
763,Jennifer Goodwin
764,Jessica Smith
765,Jorge Stone
766,Laura Griffin
767,Raymond Chapman
768,Haley Johnson
769,Jason Nixon
770,Todd Thomas
771,Jesse Clark
772,Mr. Jeffrey Horton
773,Eric Patrick
774,Samuel Wong
775,Carly Riggs
776,Christopher Moore
777,Tina Hall
778,Cody Davidson
779,Allen Mendez
780,Kevin Price
781,Christine Goodwin
782,Amy Garcia
783,Chelsea Nguyen
784,Dennis Huffman
785,Margaret Harper
786,Laurie Bailey
787,Lisa Cervantes
788,Elizabeth Mendez
789,Cesar Wilson
790,Clayton Steele
791,Jennifer Taylor
792,Cody Reid
793,Maria Cooke
794,Katherine Taylor
795,Jerry Brown
796,Adam Taylor
797,Tracey Wagner
798,Michael Perry PhD
799,Bradley Johnson DDS
800,Donald Medina
801,Jim Newton
802,Krista Wilson
803,Reginald Morrow
804,Rodney Williams
805,Kimberly Fritz
806,Ronald Potter
807,Zachary Cole
808,Robert Gonzales
809,Patricia Young PhD
810,Heather Page
811,Carol Taylor
812,Daniel Brown
813,Douglas Ryan
814,Michael Roberts
815,Scott Duke
816,Anna Estes
817,Tamara Riddle
818,Beth Cline
819,Michael Poole
820,Megan Burns
821,Debra Perry
822,Mark Beard
823,Jose Ramirez
824,Jackie Clements
825,Aaron Schroeder
826,Monica Ellis
827,Heather Brown
828,Claudia Jordan
829,Derrick Clayton
830,Kenneth Knight
831,Mr. Michael Williams
832,Richard Stevens
833,Scott Alexander
834,Tyler Harris
835,Bonnie Santos
836,Timothy Hill
837,Danielle Watson
838,Carol Sanders
839,Michael Young
840,Michele Smith
841,Casey Perez
842,Alexandra Dominguez
843,Virginia Henderson
844,Benjamin Reyes
845,Ashley Edwards
846,Breanna Ayala
847,Brandi Haney
848,Joseph Smith
849,Jessica Bowen
850,Brittany Jenkins
851,Shannon Miller
852,Paul Lawrence
853,Victor Edwards
854,Donald Miller
855,Lindsay Lawson
856,Melissa Abbott
857,Elizabeth Holmes
858,Nicole Phillips
859,Steven Blevins
860,Brian Porter MD
861,Vanessa Hatfield
862,Bonnie Valencia
863,Holly Vega
864,Tiffany Townsend
865,Austin Baker
866,Antonio Mccormick
867,Lori Mason
868,Michael Miller
869,Lisa Ramirez
870,Jorge Harris
871,Kimberly Myers
872,Sandra Becker
873,Michael Blair
874,Amy Miller
875,Jesse Lynch
876,Patrick Yang
877,Michael Miles
878,Troy Mills
879,Michelle Jackson
880,Richard Adams
881,Patricia Johnson
882,Denise Brown
883,Laura Jones
884,Ian Porter
885,Holly Scott
886,Kenneth Sharp
887,Jordan Williams
888,Dana Ruiz
889,Chris Velazquez
890,Kristen Sloan
891,Jennifer Morris
892,Nathan Nelson
893,Jake Shaw
894,Cassie Brock
895,Dr. Andrea Marshall
896,Ryan Murphy
897,Aimee Gonzalez
898,Elizabeth Dean
899,Kevin Snyder
900,Christie Mccullough
901,Danielle Smith
902,David Reed
903,Sherry Tapia
904,Matthew Sweeney
905,Ashley Moreno
906,Johnathan Brown
907,Michelle Davis DVM
908,Kelly Haynes
909,William Miller
910,Casey Wilkins
911,Keith Graham
912,Cynthia Green
913,Robert Haynes
914,Emily Nelson
915,Dale Chan
916,Brittney Martin
917,Jason Herrera
918,Christine Parker
919,Bryan Moore
920,Samantha Terry
921,Russell Murphy
922,David Kelly
923,Megan Green
924,Amanda Sullivan MD
925,Danielle Murray
926,Brenda Smith
927,Vickie Anderson
928,Jacqueline Mccoy
929,Lauren Green
930,Alison Brown
931,Jill Anderson
932,Sandra Rivera
933,Joel Jackson
934,Samantha Foster
935,Michael Thompson
936,Cody Ramirez
937,Amanda Harvey
938,Edward Jenkins
939,Amy Ramirez
940,Curtis Wilkerson
941,Lydia Pham
942,Virginia Casey
943,Joshua Washington
944,Kathryn Price
945,Francis Robinson
946,Paula Brown
947,Kendra Wang DVM
948,Ariel Sandoval
949,Robert Stark
950,Zachary Robinson
951,Rebecca Kelly
952,Sarah Thompson
953,Renee Wolfe
954,Alyssa Haynes
955,Kristy Hart
956,William Keith
957,Eric Henry Jr.
958,Daniel Fox
959,Thomas Harris
960,Mitchell Sellers
961,Erica Johnson
962,Sylvia Schroeder
963,Shannon Yu
964,Tom Foster
965,Eric Taylor
966,Travis Conner
967,Marie Thompson
968,Melissa Mcfarland
969,Courtney Chapman
970,Eric Barker
971,Nicholas Rush
972,Jenna Gamble
973,Amanda Guzman
974,Tracy Walker
975,Taylor Taylor
976,Cynthia Haas
977,Stephen Davis
978,Margaret Tanner
979,Derek Wright
980,David Rodriguez
981,James Oconnor
982,Stacey Snyder
983,Joshua Garcia
984,Sean Curtis
985,Carla Jones
986,Elizabeth Flores
987,Angela Jackson
988,Nicholas Payne
989,Anna Wheeler
990,Karen Johnson
991,Carmen Preston
992,Brian Harris
993,Michael Bowen
994,Deborah Campbell
995,Anthony Armstrong
996,Brittany Ward
997,Edward Stanley
998,Christina Johnson
999,Edgar Miller
1000,Elizabeth Sanders
1001,Matthew Davis MD
1002,Stephen Wood
1003,Dennis Marshall
1004,Derrick Brown
1005,Mary Miller
1006,Joshua Arellano
1007,Kristen Randall
1008,Jennifer Nichols
1009,Karen Keith
1010,Blake Orr
1011,Kathryn Lester
1012,Megan Oliver
1013,Peter Thompson
1014,Dr. Rhonda Martinez
1015,William Graham
1016,Lori Flowers MD
1017,Suzanne Jones
1018,James Nguyen
1019,Jimmy Marks
1020,Lisa Mills
1021,Jason Hernandez
1022,Olivia Ayers
1023,Kristine Garcia
1024,Joseph Cooper
1025,James Washington
1026,Amanda Hill
1027,Lee Steele
1028,Steve Rivera
1029,Patrick Mccall
1030,Alicia Roth
1031,Douglas Vasquez
1032,Annette Melton
1033,William Ramos
1034,Debra Butler
1035,Chelsea Lewis
1036,Natalie Malone
1037,Samantha Robertson
1038,Eric Hunter
1039,Samuel Suarez
1040,Corey Whitaker
1041,Danielle Bryant
1042,Michele Hill
1043,Kathy Reid
1044,Andre Watson
1045,Cassandra Harrell
1046,Hannah Martin
1047,Nicole Barker
1048,James Martin
1049,Traci Vincent
1050,Megan Adams
1051,Alejandro Deleon
1052,Alexa Buck
1053,Lindsay Smith
1054,Robert Torres
1055,Maria Coleman
1056,Gregory King
1057,Michael Holloway
1058,Brian Hunt
1059,Sarah Brooks
1060,Lisa Evans
1061,Arthur Mcneil
1062,Shannon Green
1063,Stephanie Evans
1064,Ralph Yoder
1065,Rebekah Greene
1066,Melanie Griffith
1067,Yolanda Green
1068,James Johnson
1069,Laura Lee
1070,Courtney Nichols
1071,Susan Powers
1072,Sarah Pittman
1073,Catherine Davis
1074,David Stokes
1075,Catherine Frazier
1076,Brandon Kelly
1077,Elizabeth French
1078,David Carter
1079,Julie Delacruz
1080,Terry Jones
1081,Kathryn Dillon
1082,Edwin Brown
1083,Brenda Gonzalez
1084,Keith Knox
1085,Eugene Baldwin
1086,Katherine Welch
1087,Mark Smith
1088,Philip Jackson
1089,Katherine Gallagher
1090,Lucas Schultz
1091,Vincent Reyes
1092,Curtis Watson
1093,Frank Whitaker
1094,Michael Sims
1095,Michael Cooper
1096,James Chapman
1097,Rodney Evans
1098,Nicholas Carlson
1099,Stephen Cowan
1100,Steven Howard
1101,Travis Hull
1102,Darryl Acosta
1103,Nicholas Lawrence
1104,Jacob Santos
1105,Shawn Scott
1106,Amber Vang
1107,Martha Smith
1108,Jennifer James
1109,Kara Hernandez
1110,Lorraine Turner
1111,Mary Nelson
1112,Breanna Rivas
1113,Nathan Wilson
1114,Brian Gonzalez
1115,Dennis Mills
1116,Michael Phillips
1117,Jon Clark
1118,Erin Smith
1119,Susan Conley
1120,Brittany Davis
1121,Misty Garcia
1122,David Hinton
1123,John Garcia
1124,Andrew Roberts
1125,Emily Rodgers
1126,Peter Williams
1127,Mary Jackson
1128,Jeffrey Howell
1129,Anna Briggs
1130,James Rivers
1131,James Jefferson
1132,Mariah Robles
1133,Michael Brown
1134,Caitlin Perry
1135,Rebekah Gregory
1136,James Howard
1137,Michael Roberson
1138,Bianca Knapp
1139,Jason Williams
1140,Ernest Bush
1141,Patricia Ray
1142,Vanessa Santiago
1143,Joseph Haynes
1144,Matthew Wright
1145,Michael Cruz
1146,Kristin Huerta
1147,Mason Moore
1148,Sarah Booth
1149,John Allen
1150,Amber Walker
1151,Jennifer Young
1152,Robert West
1153,Jillian Wilson
1154,Matthew Garcia MD
1155,April Davis
1156,Lisa Torres
1157,Christine Powers
1158,Heidi Brown
1159,Jesse Castro
1160,Kara Sandoval
1161,Ashley Malone
1162,Glenn Gallegos
1163,Dorothy Boyd
1164,Amber Martin
1165,Mitchell Griffith
1166,Levi Lopez
1167,Jenna Bryant
1168,Michelle Rodriguez
1169,Timothy Monroe
1170,Patricia Hayes
1171,Tina Taylor
1172,Mr. Anthony Mcconnell PhD
1173,Mr. Thomas Thompson
1174,Monica Anderson
1175,Kyle Andrade
1176,Janice Petty
1177,Pamela Hill
1178,Tracy Chavez
1179,Jason Graves
1180,Elizabeth Miles
1181,Michelle Walls
1182,Christina Weber
1183,Gregory Chambers
1184,Miss Tina Gordon
1185,Erica Wilson
1186,John Duncan
1187,Jennifer Adkins
1188,Donna Boone
1189,Kelly Johnson
1190,Michael Gonzalez
1191,Candace Mitchell
1192,Ryan Vaughn
1193,Paul Johnson
1194,Ashley Parrish
1195,Sharon Newton
1196,Cynthia Mueller
1197,Donna Beck
1198,Jasmine Frye
1199,Emily Arnold
1200,David Oliver
1201,Sheila Greer
1202,Michele Holland
1203,Kimberly Morrison
1204,Tracey Phillips
1205,Michael Lopez
1206,Jose Bennett
1207,Justin Anderson
1208,Dawn Rivera
1209,Brittney Hernandez
1210,Anthony Randolph
1211,Mary Henry
1212,Heather Bowers
1213,Daniel White
1214,Jonathan Perry
1215,Anna Walker
1216,Gary Ward
1217,Paul Moreno
1218,Samantha Zavala MD
1219,Jill Conway
1220,Lisa Haley
1221,Erica Moon
1222,Janice Fernandez
1223,Thomas Short
1224,Robert Griffin
1225,Steven Lee
1226,Tiffany Jackson
1227,Kimberly Smith
1228,Michael Ayala
1229,Jessica Garcia
1230,Michele Cherry
1231,Maria Case
1232,Brittany Stevens
1233,Brandon Brown
1234,Kristin Andrews
1235,David Hughes
1236,Jessica Smith
1237,Kimberly May
1238,Nicole Richards
1239,Angel Reilly
1240,Richard Turner
1241,Preston Kim
1242,Matthew Wells
1243,Brandy Myers
1244,Kimberly Choi
1245,Michael Sloan
1246,Monica Brooks
1247,Kristen Peters
1248,Aaron Carlson
1249,Theresa Torres
1250,Stephanie Cooper
1251,Matthew Hunt
1252,Daniel Davenport
1253,Christopher Marsh
1254,Sarah Randolph
1255,Julia Dunn MD
1256,Brett Swanson
1257,Mr. Carl Rios
1258,Manuel Mccullough
1259,Jerry Jensen
1260,Kevin Cunningham
1261,Eugene Patterson
1262,David Walker
1263,Jessica Larsen
1264,Nicholas Humphrey
1265,Ian Torres
1266,Casey Obrien
1267,Shannon Taylor
1268,Deborah Mercado
1269,Bernard Smith
1270,Amanda Perkins
1271,Kevin Escobar
1272,Kimberly Lutz
1273,Reginald Diaz
1274,Raymond Quinn
1275,John Dixon
1276,Jonathan Bates
1277,Renee Mendez
1278,Jose Griffin
1279,Travis Hopkins
1280,Nancy Webb
1281,Daniel Freeman
1282,Jacob Williams
1283,Terry Ward
1284,Jesse Williams
1285,Mrs. Michele Boyd
1286,Sandy Baker
1287,Carrie Valdez
1288,Matthew Houston
1289,Jamie Solomon
1290,Heather Parrish
1291,Mr. Larry Shaw
1292,Christopher Jones
1293,Christine Lopez
1294,Mitchell Wilson
1295,Robert Cortez
1296,Mr. Daniel Martin
1297,Alison Williams
1298,Candace Soto
1299,Kenneth Brown
1300,Christopher Mullen
1301,Kristy Smith
1302,Mary Campbell
1303,Jerry Haney
1304,Carolyn Greer
1305,Rebecca Hoover
1306,Matthew Baker
1307,Grace Chavez
1308,Crystal Cruz
1309,Dale Heath
1310,Jennifer Hernandez
1311,John Mendez
1312,Richard Gordon
1313,John Anderson
1314,Samantha Prince
1315,Marie Boyd
1316,Andrew Moreno
1317,Robert Clarke
1318,Kevin Figueroa
1319,Melissa Davis
1320,John Hall
1321,Diane Mcdowell
1322,Colin Fletcher
1323,Laura Wilson
1324,Matthew Watts
1325,Jack Moore
1326,Dawn Wyatt
1327,Jacob Hill
1328,Nicole Gutierrez
1329,Karen Wood
1330,Dawn Parker
1331,Michael Fitzgerald
1332,Mary Adkins
1333,Michael Martin
1334,James Morgan
1335,Melissa Mann
1336,Vincent Smith
1337,Charles Frost
1338,Austin Walker
1339,Andrew Cruz
1340,Miss Kelly Dawson
1341,Theresa Wilkins
1342,Jessica Harris
1343,Regina Mitchell
1344,Kyle Black
1345,Christopher Johnson
1346,Aaron Moore
1347,Penny Gomez MD
1348,Kelly Mclaughlin
1349,Brandon Mitchell
1350,Suzanne Bailey
1351,Destiny Obrien
1352,Timothy Andrews
1353,Jason Rodriguez
1354,Edward Arroyo
1355,Tina Walter
1356,Laura Benson
1357,Kristine Carrillo
1358,Tonya Ellis
1359,Kevin Johnson
1360,Austin Schultz
1361,Megan Hall MD
1362,Kelli Smith
1363,Danielle Davis
1364,Samantha Jones
1365,Karen Gomez
1366,Debra Valentine
1367,Susan Porter
1368,Nicolas Salas
1369,Dale Wright
1370,Brittney Rodriguez
1371,Megan Alvarado
1372,Pamela Weaver
1373,John Oliver
1374,William Prince PhD
1375,William Moon IV
1376,Kenneth Brown
1377,Karen Fernandez
1378,Jennifer Parks
1379,William Wolfe
1380,Michael Smith
1381,Kevin Nguyen
1382,Debbie Dunn
1383,John Austin
1384,Jonathan Clark
1385,Jacqueline Dickerson
1386,Christopher Anderson
1387,Crystal Garcia
1388,David Reynolds
1389,Charles Haley
1390,Robert Thompson
1391,Dr. Samuel Holmes DDS
1392,Elizabeth Hart
1393,Jennifer Vaughn
1394,Robert Woods
1395,Joanna Cook
1396,Justin Frederick
1397,Alejandro Martinez
1398,Tracey Gonzalez
1399,Mariah Thompson
1400,Heather Nunez
1401,Dr. Steve James
1402,Mark Thomas
1403,Robert Rogers
1404,Laura Sweeney
1405,Christopher Perez
1406,Eddie Adams
1407,Denise Wallace
1408,Heidi Matthews
1409,Jennifer White
1410,Nicholas Stanley
1411,Mercedes Miller
1412,Brian Brown
1413,Kimberly Johnson
1414,Phillip Miller
1415,Christopher Pena
1416,Ellen Wright
1417,Mark Anderson
1418,Alyssa Alvarado
1419,Erika Alvarez
1420,Kimberly Nelson
1421,Wayne Wolfe
1422,Kyle Welch
1423,Kristy Mills
1424,Emily Reed
1425,Regina Ramos
1426,David Torres
1427,Robert Charles
1428,John Smith
1429,Theresa Woods
1430,Jeffrey Carter
1431,Adam Brooks
1432,Justin Foster
1433,Omar Price
1434,Dennis Henderson
1435,Phillip Kent
1436,Melinda Mitchell
1437,Rhonda Gutierrez
1438,Catherine Roberts
1439,Lisa Nelson
1440,Chelsea Smith
1441,Joseph Lopez
1442,Derrick Espinoza
1443,Crystal Hernandez
1444,Glenn Collins DDS
1445,Mrs. Raven Rivera DVM
1446,Amy Rowe
1447,John Lee
1448,Ruth Clayton
1449,Randy Wright
1450,Jessica Rojas
1451,Joel Wise
1452,Vickie Kennedy
1453,Emily Morris
1454,Amanda Pineda
1455,Dawn Little
1456,Stephen Boyer
1457,Brian Chen
1458,Christopher Hill
1459,Richard Smith
1460,Richard Alvarez
1461,Jacqueline Davis
1462,Brandon Montgomery
1463,Yolanda Garrett
1464,Matthew Miles
1465,Beth Hall
1466,Dr. Nicole Trujillo
1467,Corey Norris
1468,Chad Roach
1469,Mr. Edward Terry
1470,Cody Bailey
1471,Denise Guerra
1472,Kristen Jones
1473,Edward Baker
1474,Aaron Little
1475,Cody Smith
1476,Patty Allen
1477,Mary Ryan
1478,Joseph Jimenez
1479,Lisa Morris
1480,Ashley Mills
1481,Russell Anderson
1482,Christina Washington
1483,Kenneth Huff
1484,Kelly Miles
1485,Jacob Obrien
1486,Timothy Clark
1487,Steve Miller PhD
1488,Justin Hurley
1489,Jacob Erickson
1490,Deborah Williams
1491,Eric Blackburn
1492,Anne Hardy
1493,Chelsey Fox
1494,Mario White
1495,Jennifer Garcia
1496,Heather Ellis
1497,Sonya Jackson
1498,James Morgan
1499,Zachary Ramos
1500,Ethan Frey
1501,Jacob Duran
1502,Nicholas Franklin
1503,Cindy Cannon
1504,Dawn Nixon
1505,James Barber
1506,Ms. Kelly Holder
1507,Eric Walker
1508,Alison Short
1509,Desiree Spencer
1510,Tammy Moore
1511,Henry Taylor
1512,Kevin Hall
1513,Anna Ross
1514,Morgan Cummings
1515,Carrie Petersen
1516,Laura Velez
1517,Elizabeth Cross
1518,Angela Brown
1519,Hannah Montoya
1520,Sean Kane
1521,Matthew Guzman
1522,Richard Reyes
1523,Andrew Fernandez
1524,Jonathan Walker
1525,Nicholas Long
1526,Kurt Wagner
1527,Dylan Foster
1528,Bradley Duncan
1529,James Miller
1530,Patricia Anderson
1531,Justin Freeman
1532,Christina Gilbert
1533,Danielle Jones
1534,Erica Glass
1535,Michael Henderson
1536,Frank Wheeler
1537,Eric Huerta
1538,Wanda Ramos
1539,Andrew Meyers
1540,James Todd
1541,Ashley Brown
1542,Tammy Melton
1543,Alexis Benson
1544,Jerry Johnson
1545,Joshua Harris
1546,Deanna Webb
1547,Brenda Hale
1548,Kevin Alvarado
1549,Christopher Campbell
1550,Lisa Brown
1551,Alejandra Price
1552,Samuel Keller
1553,Alicia Dillon
1554,Crystal James
1555,Ariana Stewart
1556,Kim Lopez
1557,Judith House
1558,David Moreno
1559,James Moore
1560,Harold Garrett
1561,William Mason
1562,Lori Johns
1563,Robin Johnson
1564,Diana Hernandez
1565,Mary Miller
1566,Tyler Salazar
1567,Crystal Allen
1568,Wesley Browning
1569,Joshua Clark
1570,Joshua Mcbride
1571,Ellen Thornton
1572,Brandy Forbes
1573,Brianna Fitzpatrick
1574,Emily Grant
1575,Bailey Stewart
1576,Monica Cannon
1577,Jennifer Jenkins
1578,Timothy Shannon
1579,Denise Maxwell
1580,Cody Farmer
1581,Debra Bradley
1582,David Mcdaniel
1583,Michael Woods
1584,Lisa Joseph
1585,Samuel Henry
1586,Corey Johnson
1587,Alexis Nelson
1588,Patrick Mcneil
1589,Andrea Ho
1590,Dr. Katherine Nguyen
1591,David Sullivan
1592,Nicolas James
1593,Logan Newton
1594,Kelly Liu
1595,Kelly Hayes
1596,Amanda Forbes
1597,Jennifer Moss
1598,Kelli Mccoy
1599,Eddie Sanders
1600,Ronald Murray
1601,Louis Brown
1602,Brenda Gallegos
1603,Nathan Wilson
1604,Teresa Horton
1605,Jason Hayes
1606,Kevin Marquez
1607,Jesse Wright
1608,Susan Hogan
1609,Becky Wilson
1610,Jack Mills
1611,Richard Hunt
1612,Jamie James
1613,Susan Cunningham
1614,Brittany Melton
1615,Michael Barnes
1616,Randy Griffin
1617,Autumn Anderson
1618,Marcus King
1619,Scott Stephens
1620,Stephen Young
1621,Karen Ortiz
1622,Kyle Sanchez
1623,Lisa Grant
1624,Amber Hernandez
1625,Amanda Nash
1626,Sara Evans
1627,Amber Butler
1628,Michael Carr
1629,Linda Cobb
1630,Jesse Riley
1631,Anna Evans
1632,James Jones
1633,Joshua Carter
1634,Michael Hill
1635,Kelly Dominguez
1636,Ashley Blair
1637,Victoria Webb
1638,Taylor Andersen
1639,Lee Stewart
1640,Whitney Gomez
1641,Justin Stone
1642,Katherine White
1643,Michelle Krause
1644,Alexander Garrett
1645,Ryan Marsh
1646,Mrs. Felicia Castro DDS
1647,Curtis Campbell
1648,Elizabeth Hunter
1649,Aaron Jennings
1650,Nathaniel Gilbert
1651,Christopher Rivera
1652,Michael Hendricks
1653,Maria Olson
1654,Stephanie Herrera
1655,Richard Gutierrez
1656,Sandy Evans
1657,Emily Herrera
1658,Michael Marsh
1659,Heather Montes
1660,Andre Terrell
1661,Sarah Duncan
1662,Kurt Hancock
1663,Michele Edwards
1664,Jason Crawford
1665,Jesse Sampson
1666,Eric Rodriguez
1667,Paula Gentry
1668,Alexander Webb
1669,Cheryl Mclean
1670,Kelly Rowe
1671,Shane Short
1672,Megan Anderson
1673,Julia Reeves
1674,April Randolph
1675,Linda Miller
1676,Angel Meyer
1677,Emily Lane
1678,Steven Flores
1679,Donald Flores
1680,Bruce Hernandez
1681,Adrian Dean
1682,Christine Bell
1683,Charles Bush
1684,David Jones
1685,Gina Wallace
1686,John Lowe
1687,Anthony Simmons
1688,Kyle Watkins
1689,Melissa Jensen
1690,Robert Marquez
1691,Kim Beltran
1692,Julie Anderson
1693,Tamara Mcdonald
1694,Michael Mckinney
1695,David Walker
1696,Lisa Durham
1697,Michael Ortega
1698,Sonya Chavez
1699,John Bell
1700,Christopher Tate
1701,Bethany Garcia
1702,Rebecca Nguyen
1703,Rebecca Patel
1704,Jason Oliver
1705,Valerie Reyes
1706,Robert Garza
1707,Jessica Cobb
1708,Cynthia Bates
1709,Timothy Andrews
1710,Mr. Joel Peters
1711,Casey Blanchard
1712,Brian Cervantes
1713,Jamie Snyder
1714,Ann Montoya
1715,Stephanie Fields
1716,Charles Hernandez
1717,Jean Lane
1718,Michael Stewart
1719,Susan Torres
1720,Jessica Haas
1721,Brandon Smith
1722,Mrs. Bethany Phillips
1723,Joshua Brown
1724,Samantha Howard
1725,Sharon Young
1726,Jennifer Flores
1727,James Gardner
1728,Karen Lopez
1729,Tim Larsen
1730,Zachary Santiago
1731,Benjamin Smith
1732,Katelyn Kim
1733,Angela May MD
1734,Richard Munoz
1735,Christopher Hicks
1736,Joanna Kelly
1737,Larry Lane
1738,Cynthia Shaw
1739,Joshua Richardson
1740,Laura Bush
1741,John Vaughn
1742,Nicholas Terrell
1743,Dr. Julie Miller
1744,Ann Kennedy
1745,Toni Miller
1746,Rebecca Edwards
1747,Greg Osborne
1748,Jose Harrison
1749,Jennifer Yu
1750,Donna Johnson
1751,Nicole Acosta
1752,Amy Kennedy
1753,Anthony Mooney
1754,Lori Mitchell
1755,Jonathan York
1756,Casey Campbell
1757,Alexis Rodriguez
1758,Kevin Hernandez
1759,Robert Green
1760,Kari Lloyd
1761,Grace Miller
1762,Timothy Moore
1763,Wyatt Townsend II
1764,Mark Clark
1765,Haley May
1766,Audrey Jackson
1767,Eric Reese
1768,Kim James
1769,Karen Thomas
1770,Alexandra Ho
1771,Michael Nixon
1772,Amanda Hardin
1773,Tina Reynolds
1774,Shannon Rogers
1775,Brett Pena
1776,Raymond Curry
1777,Leah Lee
1778,Michael White
1779,Megan Decker
1780,Brent Garcia
1781,Daniel Campbell
1782,Alexander Davis
1783,Mary Houston
1784,Margaret Erickson
1785,Scott Anderson
1786,Stephanie Knight
1787,Stephanie Dominguez
1788,John Mayer
1789,Tammy Hill
1790,Steven Carrillo
1791,Christopher Jones
1792,Janet Cook
1793,Tyler Baker
1794,John Mcfarland
1795,Cassandra Vasquez
1796,Randy Robinson
1797,Susan Baldwin
1798,Benjamin Duncan
1799,Jeremy Mosley
1800,Martin Fitzpatrick
1801,Deborah Graves
1802,Laura Robertson
1803,Katherine Graham
1804,Priscilla Floyd
1805,April Finley
1806,Karen Bradley
1807,Heather Maldonado
1808,Mark Benjamin
1809,Joseph Woodward
1810,Joe Miranda
1811,Cassandra Williams
1812,Connor Dominguez
1813,Lydia Howard
1814,Mark Moss
1815,Corey Cortez
1816,Katherine Brown
1817,Elizabeth Ferguson
1818,Joann Forbes
1819,Anthony French
1820,Bruce Roman
1821,Judy Gregory
1822,Brittany Riley
1823,Amanda Thomas
1824,Kaitlin Hardin
1825,Michael Anderson
1826,Anthony Parker
1827,Joy Jackson
1828,Sabrina Rodriguez
1829,Robert Walker PhD
1830,Robert Hendrix
1831,Erika Daugherty
1832,Brenda Copeland
1833,Pamela Watkins
1834,Bryan Thomas
1835,Michael Tran
1836,Timothy Williams
1837,Ryan Salazar
1838,Alexis Tucker
1839,Christopher Davis
1840,Stacie Butler
1841,Patricia Schwartz
1842,Mark Mills
1843,Todd Bishop
1844,Christopher Porter
1845,Lori Patton
1846,Aaron Young
1847,Joseph Davis
1848,Philip Fernandez
1849,Randy Hopkins
1850,Cory Hogan
1851,Tracy Wells
1852,Michael Williams
1853,Dominique Hamilton
1854,Robert Chang
1855,Patrick Buckley
1856,Richard Washington
1857,Steven Griffith
1858,Erika Gonzalez
1859,Erika Maxwell
1860,Brent Rojas
1861,Jaime Walker
1862,John Zamora
1863,Timothy Gibson
1864,Chad Cortez
1865,Vanessa Harris
1866,Michael Brown
1867,Samuel Ellis
1868,Greg Tanner
1869,Rachel Little
1870,Carolyn Cordova
1871,Angelica Vincent
1872,Zachary Vargas PhD
1873,Nicholas Fitzgerald
1874,Garrett Riley
1875,Leslie Hernandez
1876,Abigail Baird
1877,John Mack
1878,Joseph Mendoza
1879,Samantha Chavez
1880,Justin Smith
1881,Tiffany Anderson
1882,Matthew Davis
1883,Eric Warner
1884,Nicole Johnson
1885,Raymond Sawyer
1886,Richard Wood
1887,Mark Dalton
1888,Steven Cook
1889,Jeffery Nelson
1890,Kimberly Norton
1891,Angela Gilmore
1892,Amy Dougherty
1893,Stacy Rodriguez
1894,Manuel Diaz
1895,Justin Jones
1896,Christine Zavala
1897,Brian Mendoza
1898,Lauren Haley
1899,Patrick Perez
1900,Derek Frazier
1901,Arthur Reed
1902,Mr. Bryan Mckinney
1903,Kim Carter
1904,Rebecca Dougherty
1905,Teresa Jones
1906,Judith Miller
1907,Donna Frye
1908,Donald Terry
1909,Shaun Meyer DDS
1910,Wayne Weaver
1911,Gregory Wallace
1912,Dorothy Brown
1913,Crystal Meza
1914,Jennifer Cooper
1915,Erin Watkins
1916,Sarah Wallace
1917,Carlos Clarke
1918,David Washington
1919,Patricia Williams
1920,Jesus Jackson
1921,Michelle Mitchell
1922,Sara Schwartz
1923,Brittany Young
1924,Eugene Martinez
1925,Cody Hart
1926,Evan Cooper
1927,Joshua Martin
1928,Thomas Sullivan
1929,Mr. Jimmy Flores Jr.
1930,Vanessa Rivera
1931,Kara Roberts
1932,Veronica Berry
1933,Keith Meadows
1934,Michael Dennis
1935,Brenda Pierce
1936,James Randall
1937,Brandon Brown
1938,Lauren Walker
1939,Diana Johnson
1940,Jill Powers
1941,Jorge Lee
1942,Larry Harding
1943,Heather Hernandez
1944,Jaclyn Watson
1945,Gregory Madden
1946,Anita Luna
1947,Willie Lara
1948,Robert Waller
1949,Steven Taylor
1950,Angelica Clark
1951,Sean Hatfield
1952,Tyler Avila
1953,Jason Rocha
1954,Justin Page
1955,Breanna Lopez
1956,Julian Williams
1957,Sandra Torres
1958,Julie Johnson
1959,Dennis Blanchard
1960,Kaitlyn Valdez
1961,Jennifer Vasquez
1962,Danielle Wilson
1963,Zachary Jones
1964,Lauren Cunningham
1965,Lori Alvarez
1966,Barbara Hunt
1967,Sarah Martin
1968,Francisco Johns
1969,Christopher Nelson
1970,Thomas Kelly
1971,Joseph Mayer
1972,Pamela White
1973,Paul Stephens
1974,Samantha Cohen
1975,Michael Barker
1976,Kevin Morrow
1977,Joseph Watson
1978,Mr. Thomas Garcia
1979,Daniel Lopez
1980,Lisa Guerra
1981,Kim Arnold
1982,Ashley Stevens
1983,Robert Mclean
1984,Eric Cox
1985,Stacy Harper
1986,Gloria Mckinney
1987,Robert Walker
1988,Brenda Perez
1989,Carlos Miller
1990,Rachel Jones
1991,Nicole Williams
1992,Ricky Palmer
1993,Bryan King
1994,Michael Webster
1995,Tamara Harris
1996,Cathy Bell
1997,Ryan Mcmahon
1998,Hannah Martin
1999,Monica Allen
2000,Annette Lane
2001,Daniel Lee
2002,Steven Medina
2003,Annette Lewis
2004,Michelle Richardson
2005,Jessica Rosario
2006,Henry Gray
2007,Darren Rodriguez
2008,Mrs. Ashley Taylor
2009,Michele Hawkins
2010,Garrett Wilson
2011,Kyle Collins
2012,Jill Spencer
2013,Scott Lopez
2014,Ryan Alvarez
2015,Cassie Lutz
2016,Brian Kim DDS
2017,Charles Morales
2018,Ashley Schaefer
2019,Amy Hester
2020,Kurt Ewing
2021,Ryan Hardy
2022,Micheal Perkins
2023,Richard Schneider
2024,John Morrison
2025,John Ramirez
2026,Ashley King
2027,Mark Taylor Jr.
2028,Barry Gregory
2029,Janet Shelton
2030,Marco Davis
2031,Paul Saunders
2032,Christina Bates
2033,Dennis Cooper PhD
2034,Tiffany Johnson
2035,Thomas Reyes
2036,James Stevens
2037,Justin Dalton
2038,Michael Henry
2039,Mike Freeman
2040,Michael Keller
2041,Laura Alvarez
2042,Katie Myers
2043,Wesley Jensen MD
2044,Erica Johnson
2045,Russell Bailey
2046,Alyssa Vance
2047,Brent Reed
2048,Gregory Stanley
2049,Matthew Watkins
2050,Ana Torres
2051,Alejandro Nguyen
2052,Scott Bradley
2053,Deborah Dominguez
2054,Victoria Gray
2055,Kenneth Stokes
2056,Michael Rogers
2057,Pamela Morgan
2058,Heidi Graham
2059,Ryan Cobb PhD
2060,Donna Williams
2061,Jennifer Perez PhD
2062,Ryan Davis
2063,Austin Solis
2064,Daniel Flynn
2065,Elizabeth Brock
2066,Joshua Gonzalez
2067,Mario Chavez
2068,Catherine Smith
2069,Shari Ray
2070,Victor Harmon
2071,Timothy Patel
2072,Patricia Hamilton
2073,Lori Boyd
2074,Charles Hernandez
2075,Elizabeth Graham
2076,Ronald Brown
2077,Jason Colon
2078,Dawn Burke
2079,Brian Lee
2080,Ronald Marshall
2081,Jessica Lucas
2082,Christopher Taylor
2083,Robert Hopkins
2084,Samuel Stuart
2085,Mr. Scott Miller
2086,Sharon Lester
2087,Jack Sandoval
2088,Tony Ramsey
2089,Brian Navarro
2090,Kelly Calderon
2091,Tara King
2092,Cynthia Martinez
2093,Erin Silva
2094,Paul Young
2095,Charles Thompson
2096,Jessica King
2097,Katherine Brooks
2098,Emily Coleman
2099,Tracey Suarez
2100,Heidi Baldwin
2101,Alisha Rasmussen
2102,Sarah Bates
2103,Melissa Mccormick
2104,Juan Parker
2105,Heidi Burnett
2106,Sean Mathews
2107,Theodore Long
2108,Dawn Davis
2109,Cynthia Clark
2110,Sydney Welch
2111,Pamela Sullivan
2112,Sean Morrow
2113,Kaitlin Gutierrez
2114,Michelle Mcdowell
2115,Samantha Hale
2116,Heather Guzman
2117,Nancy Chavez
2118,Anthony May
2119,Rachel Taylor
2120,Mark Edwards
2121,Christopher Black
2122,Sandra Hines
2123,Melissa Sparks
2124,John Moss
2125,Michael Serrano
2126,Christina Perry
2127,Shawn Duffy
2128,Courtney Vaughan
2129,Maria Sims
2130,Valerie Gonzalez
2131,Caroline Morales
2132,David Davis
2133,Travis Wilson
2134,Jessica Mora
2135,Michael Wilson
2136,Cheryl Atkins
2137,Donna Snyder
2138,Scott Greene
2139,Diane Byrd MD
2140,Charles Roberts
2141,Luke Solomon
2142,Michael Ellis
2143,Casey Morris
2144,Melissa Reeves
2145,Nancy Scott
2146,Anthony Cook
2147,Terry Barajas
2148,Tracy George
2149,Amber King
2150,Elizabeth Foster
2151,Walter Hansen
2152,Debbie Gordon
2153,Sherry Anderson
2154,Joseph Thomas
2155,Andrew Anderson
2156,Sandy Adkins
2157,Diane Mcdowell
2158,Pam Baker
2159,Steven Stewart
2160,Pamela Hernandez DVM
2161,Rebecca Brown
2162,David Johnson
2163,Michael Graham
2164,Tammy Williams MD
2165,Karina Vasquez
2166,Sharon Martinez
2167,Sean White
2168,Jordan Nelson
2169,Laurie Silva
2170,Kelly Duncan
2171,Billy Tate
2172,Stacy Johnson
2173,Melanie Long
2174,Tiffany Hood
2175,Brad Rivas
2176,Jordan Moses
2177,Abigail Booker
2178,Tiffany Nguyen
2179,Morgan Bernard
2180,Christine Williams
2181,Erica Brown
2182,Trevor James
2183,Christopher Hanna
2184,Ann Phelps
2185,Richard Mitchell
2186,Martha Martinez
2187,Jeffrey Drake MD
2188,Bonnie Wade
2189,Kayla Burns
2190,Karen Hart
2191,Peter Shepherd
2192,Jessica Simmons
2193,Glenn Ford
2194,Michael Moore
2195,Mark Warren IV
2196,Terry Woods
2197,Carl Leach
2198,Kelly Phillips
2199,Billy Williams
2200,Jeffery Davis
2201,Laura King
2202,Brad Gordon
2203,Matthew White
2204,James Miller
2205,Elizabeth Matthews
2206,Michael Hanson
2207,Vincent Savage
2208,Cody Burgess
2209,Shelby Rodriguez
2210,Abigail Wilson
2211,John Holt
2212,Tracy Guzman
2213,Mr. William Ward
2214,Melissa Foster
2215,Calvin Smith
2216,Alan Waller
2217,Christine Wong
2218,Jessica Garrett
2219,Cheryl Turner
2220,John Johnson
2221,Christian Park
2222,Kaitlyn Heath
2223,Christina Hudson
2224,Amber Smith
2225,Michelle Petty
2226,Nancy Larson
2227,Donna Freeman
2228,Mr. Logan Gregory
2229,Katherine Klein
2230,Jennifer Stewart
2231,Steven Butler
2232,Johnny Mcmillan
2233,Michael Smith
2234,Corey Cooper
2235,Daniel Stout
2236,Lance Kirby
2237,Bonnie Carter
2238,Toni Whitaker
2239,Morgan Flynn
2240,Sarah Howell
2241,Paul Estrada
2242,Curtis Obrien
2243,Jason Chaney
2244,Daniel Williams
2245,Stanley Kelly
2246,Ronald Kline
2247,Arthur Jordan
2248,Barbara Walker
2249,Gerald Kelly
2250,Shawn Adams
2251,Michael Robertson
2252,Michelle House
2253,Jim Skinner
2254,Brian Bishop
2255,Theresa Colon
2256,Brian Soto
2257,Susan Moore
2258,Jeremy Hunter
2259,Annette Holland
2260,Chad Allison
2261,Jason Mack
2262,Robert Peterson
2263,Angela Watson
2264,Heather Ortega
2265,Paul Fisher
2266,Robert Gutierrez
2267,Jimmy Phelps
2268,Heidi Johnson
2269,Adam Drake
2270,Angela Edwards
2271,Mrs. Amy Malone
2272,Margaret Orr
2273,Mark Reeves
2274,Kelly Phillips
2275,Michael Spencer
2276,Patrick Blankenship
2277,Douglas Rose
2278,Melody Griffin
2279,Joshua Kramer
2280,Melissa Barron
2281,Jennifer Gonzalez
2282,Andrew Cook
2283,Natalie Martinez
2284,Diane Davis DDS
2285,Nicole Moore
2286,Robert Vargas
2287,Raymond Barber
2288,Mrs. Amy Watson
2289,Heather Williams
2290,Belinda Evans
2291,Jody Bird
2292,Virginia Cunningham
2293,Lori Ferguson
2294,Hayley Mitchell
2295,Michelle Chambers
2296,Kelly Wright
2297,Kevin Carson
2298,Brent Dawson
2299,Angela Brown
2300,Karen Griffin
2301,Joseph Chapman
2302,Jennifer Baker
2303,Mr. Jeremiah Galvan MD
2304,Samantha Thomas
2305,Michael Anderson
2306,Sharon Wilson
2307,John Francis
2308,Jaclyn Crane
2309,Jennifer Martinez
2310,Amanda Hernandez
2311,William Turner
2312,Dr. Charles Lawrence
2313,Steven Small
2314,Robert Burns
2315,Gregory Harrell
2316,Kenneth Knight
2317,Rachael Alvarez
2318,Lisa Gill
2319,Julia Cole
2320,Sean Nguyen
2321,Mary Ortiz
2322,James Weaver
2323,Stacy Fitzgerald
2324,Sharon Mann
2325,Rebecca Zimmerman
2326,Becky Hansen
2327,Luke Ray
2328,Kelly Lopez
2329,Steven Martinez
2330,Catherine Smith
2331,Danielle Thornton
2332,Jill Roman
2333,Jennifer Williams
2334,Allison Kim
2335,Scott Stewart
2336,Brian Garcia
2337,Charles Scott
2338,Eric Russell
2339,Lucas Nguyen
2340,Anthony Price
2341,Jason Nguyen
2342,Ronald Martinez
2343,Paul Willis
2344,Paul Cruz Jr.
2345,John Russell
2346,Mr. David Mercado
2347,Victor Leonard
2348,Justin Glover
2349,Jason Miller
2350,Christina Faulkner
2351,William Casey
2352,Jessica Buck
2353,Aaron Marshall
2354,Donna Stanton
2355,Timothy Olson
2356,Sara James
2357,Mark Richards
2358,Amber Stevenson
2359,Elizabeth Foster
2360,Charles Hawkins
2361,Jeffrey Bishop
2362,Emily Fleming
2363,Dean Mullins
2364,David Bird
2365,Joe Greene
2366,Michael Lucas
2367,John Valenzuela
2368,Jennifer Woodard
2369,Pamela Medina
2370,Mariah Jones
2371,Ronnie Powers
2372,Heather Hess
2373,Heather Thompson
2374,Melissa Smith
2375,Timothy Wallace
2376,Alejandro Campbell
2377,Heather Davis
2378,Elizabeth Robbins
2379,Johnny Cox
2380,Tanner Mann
2381,Craig Nicholson
2382,Sergio Carroll
2383,Juan Keller MD
2384,Krystal Jones
2385,Austin Green
2386,Crystal Mills
2387,Cheryl Gregory
2388,Melissa Patel MD
2389,Jordan Pace
2390,Terri Williams
2391,Jessica Carney
2392,Michael Owens
2393,Peter Stephenson
2394,Donald Fisher
2395,Aaron Lee
2396,Kenneth Johnson
2397,Vanessa Coleman
2398,David Martin
2399,Mark Davis
2400,Robert Watkins
2401,Felicia Wright
2402,David Peterson
2403,Gavin Bauer
2404,Patricia Harvey
2405,Lori Riley
2406,Antonio Johnson
2407,Ryan Brown
2408,Thomas Ramos
2409,Mark Jones
2410,Kristin Phillips
2411,Brendan Walton
2412,Kyle Keller
2413,James Pope
2414,Lisa Morgan
2415,Rachel Gibson
2416,Corey Garcia
2417,Andrea Clarke
2418,Kenneth Walsh
2419,Jason Hardy
2420,David Robles
2421,Eric Graham
2422,Nicole Collins
2423,Patricia Hernandez
2424,Grant Wood
2425,Kevin Gregory
2426,Jonathon Conley
2427,Jennifer Gonzalez
2428,Terry Glover
2429,Michael Neal
2430,Ms. Erin Lane
2431,Lisa Barnes
2432,Jesse Mccormick
2433,Daniel Smith
2434,David Hanson
2435,Nicholas Cisneros
2436,Patrick Harris
2437,William Cox
2438,Alvin Wilson
2439,Cory Willis
2440,Amanda Johnson
2441,Christopher Mcclure
2442,Gina Spencer
2443,Alex Cameron
2444,Alisha Byrd
2445,Richard Rodriguez
2446,Elizabeth Allen
2447,Mary Pugh
2448,Yolanda Keith
2449,Ana Thomas
2450,Rebecca Lee
2451,James Greene
2452,Dana Williams
2453,Chelsea Nichols
2454,Erin Brown
2455,Shelley York
2456,Stacey Clark
2457,John Alvarado
2458,Jordan Potter
2459,Katrina Jimenez
2460,Frank Brooks
2461,Michelle Simpson
2462,James Morse
2463,Amanda Robinson
2464,Scott Foster
2465,Stephen Duncan
2466,Jacqueline Pierce
2467,Bradley Wallace
2468,Kevin Marshall
2469,Jessica Mcdonald
2470,Robert Stewart
2471,Christopher Hall
2472,Heather Miller
2473,Kayla Schneider
2474,Tammy Garcia
2475,Andrew Gonzalez
2476,Gary Turner
2477,Melinda Hill
2478,Yolanda Murillo
2479,Nancy Gaines
2480,Elijah Short
2481,Jennifer Sullivan
2482,Mary Kennedy
2483,Paige Hernandez
2484,Darrell Curry
2485,Jose Hartman
2486,Miranda Murray
2487,Emily Lopez
2488,Melissa Clark
2489,Justin Brooks
2490,Bethany Harding
2491,Robert Flowers
2492,Jason Jennings
2493,Richard Medina
2494,Alexander Floyd
2495,Brittany Cisneros
2496,Mark Morrison
2497,Sharon Baird
2498,James Ferguson
2499,Brian Hudson
2500,Steven Davis
2501,Juan Johnson
2502,Katherine Lopez
2503,Victor Campbell
2504,Matthew Jones
2505,Joseph Jackson
2506,Jennifer Moore
2507,Joshua Mendoza
2508,Troy Glenn
2509,Daniel Reynolds
2510,Karen Munoz
2511,Laurie Shaw
2512,Desiree Smith
2513,Austin Ross
2514,Kelly Kent
2515,Julia Johnston
2516,Donna Ibarra
2517,Michael Dawson
2518,Louis Patrick
2519,David Yoder
2520,Judith Bartlett
2521,Keith Long
2522,Cynthia Harrell
2523,Mark Carter
2524,Melissa Bowen
2525,Johnny Riddle
2526,Whitney Jones
2527,Randall Nguyen
2528,David Hunter
2529,Benjamin Neal
2530,Jane Reese
2531,Jennifer Smith
2532,Thomas Murphy
2533,Kari Jones
2534,Dana Dodson
2535,Robert Skinner
2536,Albert Garcia
2537,Joseph Myers
2538,Phillip Byrd
2539,Hunter Robinson
2540,Michael Robinson
2541,Sara Cain
2542,Michelle Prince
2543,Eric Williams
2544,Raymond Wang
2545,Jade Allen
2546,Javier Hays
2547,Corey Caldwell
2548,Stephen Robles
2549,Carol Jackson
2550,Brian Murphy
2551,Chelsey Clark
2552,Teresa Martinez
2553,Howard Thompson
2554,Eugene Price
2555,Austin Briggs
2556,Jackie Jones
2557,Eric George
2558,Mrs. Kimberly Mooney
2559,Carolyn Haley
2560,Vicki Horton
2561,Valerie Benson
2562,Mark Henson
2563,Samuel Olson
2564,Lee Richards
2565,Martin Hall
2566,Virginia Hall
2567,Stephanie Parker
2568,Nicole Harvey
2569,James Phillips
2570,Dan Johnson
2571,Linda Bautista
2572,Erin Ramirez
2573,Paige Meyer
2574,Maria Roberts
2575,Ryan Rivera
2576,Joshua Knox
2577,Danielle Mcdaniel
2578,Lisa James
2579,Jeremy Smith
2580,Andrea Lee
2581,Brenda Harris
2582,Kevin Guerra
2583,Cynthia Miller
2584,Emily Griffith
2585,Christopher Wright
2586,Jerome Reid
2587,Richard Miller
2588,Jennifer Jackson
2589,Jonathan Moss
2590,Sally Leon
2591,James Dickerson
2592,Tammy Larson
2593,Nicholas Scott
2594,Jesse Brooks
2595,Andrea Taylor
2596,Christopher Lopez
2597,Jonathan Swanson
2598,Timothy Bentley DVM
2599,John Davidson
2600,Jennifer Williams
2601,Janice Cunningham
2602,Jeffrey Scott
2603,Miranda Hicks
2604,Michael Horton DDS
2605,Nancy Allen
2606,Robert Mccoy
2607,Melissa Brewer
2608,Jesus Becker
2609,Lance Lynn
2610,Alexandria Wise
2611,Sydney Sanders
2612,Stephanie Stone
2613,Jay Gallegos
2614,Eric Ponce
2615,Janet Parker
2616,Shawn Luna
2617,Mark Frank
2618,Charles Goodman
2619,Jennifer Parker
2620,Dr. April Jones
2621,Kelly Pena
2622,Carolyn Brooks
2623,Christina White
2624,Joanne Olsen
2625,Anthony White
2626,Deanna Barrera
2627,Mark Weber
2628,Carol Carter
2629,Donald Peterson
2630,Karen Chambers
2631,Antonio Walton
2632,Kevin Huerta
2633,Joseph Smith
2634,Victoria Juarez
2635,Kara Rogers
2636,Jacob Wu
2637,Dr. Teresa Ortega MD
2638,Henry Rivera
2639,Jesus Hale
2640,Stacy Taylor
2641,Sheila Ramirez
2642,Robin Richardson
2643,Mary Alvarez
2644,Cole Andersen
2645,Robin Smith
2646,Angel Aguirre
2647,Jeremy Lawson
2648,Lonnie Miller
2649,Timothy Galvan
2650,Dr. Susan Navarro
2651,Cory Thomas
2652,Laura Vincent
2653,Bethany Robles
2654,Michael Dunn
2655,Carol Griffin
2656,Matthew Allen
2657,Paul Keller
2658,Jeffrey Baldwin
2659,Timothy Orr
2660,Connie Scott
2661,Steven Martinez
2662,Joseph Swanson
2663,Michael Wiggins
2664,Pamela Burke
2665,Jamie Love
2666,Jane May
2667,Savannah Stokes
2668,Brian Miller
2669,Patrick Pineda
2670,Audrey Richardson
2671,Tiffany Ray
2672,Antonio Nichols
2673,Veronica Flores
2674,Michael Hogan
2675,Lindsay Walker
2676,Joshua Murray
2677,Tommy Hood
2678,Mr. Kyle Thomas DDS
2679,Michele George
2680,William Martinez
2681,Michelle Mendoza DVM
2682,Michael Bennett DVM
2683,Ronald Clark
2684,Rita Graves
2685,Sean White
2686,Mr. William Hopkins
2687,Wendy Kelley
2688,Michael Mooney
2689,Jeanne Rose
2690,Michael Lee
2691,Jennifer Anderson
2692,Lauren Trujillo
2693,Michelle Ellis
2694,Chad Dominguez
2695,Charles Robinson
2696,Nancy Smith
2697,Laura Gregory
2698,Brittany Clements MD
2699,Tammy Davis
2700,Catherine Williams
2701,Miss Leslie Booker
2702,Jennifer Johnson
2703,John Watts
2704,Marissa Bennett
2705,Rebecca Barrett
2706,Sharon Santos
2707,Matthew Richardson
2708,Bradley Burns
2709,Katrina Johnson
2710,Laura Hill
2711,Rebecca White
2712,Mr. Jeffrey Duncan
2713,Arthur Stout
2714,Cathy Hess
2715,Justin Herrera
2716,Katherine Stone
2717,Michelle Tyler
2718,Paul Sheppard
2719,Catherine George
2720,Justin Mcbride
2721,Carl Harris
2722,Justin York
2723,William Hunter
2724,Joshua Henderson
2725,April Turner
2726,Kelly Patton
2727,Jill Ray
2728,Kelly Andersen
2729,Joshua Clark
2730,Robert Young
2731,Elijah Wall
2732,Lindsey Robinson
2733,Carl Dean
2734,David James
2735,Jennifer Miller
2736,Jeffery Neal
2737,Andrea Oconnor
2738,Melissa Lee MD
2739,Samantha Jacobs
2740,Christian Riddle
2741,Alexander Munoz
2742,Caleb Rodriguez
2743,Andrea Bowman
2744,Gavin Nelson
2745,Courtney Smith
2746,Wayne Gray
2747,Timothy Thompson
2748,Elizabeth Nicholson
2749,Joseph Graves PhD
2750,Lisa Mosley
2751,Travis Price
2752,Patrick Faulkner
2753,Linda Atkinson
2754,Cameron Smith
2755,Brittney Martinez
2756,Nicolas Brown
2757,Vanessa Zimmerman
2758,Lee Mann
2759,William Lindsey
2760,Desiree Patterson
2761,Sierra Cervantes
2762,Scott Meza
2763,Erik Davis
2764,Nicholas Duffy
2765,Anthony Paul
2766,Katherine Baxter
2767,Jessica Romero
2768,Karen Robertson
2769,Dr. Melissa Sullivan DDS
2770,Nichole Klein
2771,Nicole Sanchez
2772,Tiffany Morrow
2773,Kelsey Lynch
2774,Traci Craig
2775,Kelly Walker
2776,Ryan Palmer
2777,Jenny Gray
2778,Brian Sloan
2779,Joshua Miranda
2780,Edwin Carter
2781,Oscar Carroll
2782,Eric Fitzpatrick
2783,Samantha Johnson
2784,Luke Freeman
2785,Luis Murphy
2786,Aaron Zamora
2787,Henry Garcia
2788,Bradley Robertson Jr.
2789,John Moore
2790,Courtney Foster
2791,Jeffrey White
2792,Ashley Gonzales
2793,Candice Gomez
2794,Ian Harrell
2795,Colton Williams
2796,Patrick Santana
2797,Cristian Mendoza
2798,Deborah Fisher
2799,Rebecca Klein
2800,Phillip Macias
2801,Tammy Cameron
2802,Brian Rodriguez
2803,Christopher Porter
2804,Cynthia Gregory
2805,William Mclaughlin
2806,Dylan Tucker
2807,Danielle Hernandez
2808,Danielle Wang
2809,Wendy Wright
2810,Christina Mccarthy
2811,Meredith Shaw
2812,Willie Garza
2813,Crystal Anderson
2814,William Hickman
2815,Luis Davis
2816,Jason Torres
2817,Crystal Rogers
2818,Jordan Schneider
2819,Derrick Ramirez
2820,Jason Flores
2821,Andrew Williams
2822,Christy Kennedy
2823,Ashlee Lopez
2824,Heidi Torres
2825,Adam Arnold
2826,Erin Figueroa
2827,Richard Rice
2828,Matthew Clark
2829,Stephen Anderson
2830,Barbara Willis
2831,Martha Lee
2832,Tammy Jones
2833,Grace Swanson
2834,Christina Le MD
2835,Joshua King
2836,Sarah Meadows
2837,Stephanie West
2838,Susan Jones
2839,Timothy Gordon
2840,Kyle Horton
2841,Angel Knight
2842,Melissa Yang
2843,Michael Berg
2844,Carol Christensen
2845,Richard Morales
2846,Clinton Moore
2847,Michael Suarez
2848,Joy Zimmerman
2849,Elizabeth Robinson
2850,Kristen Jackson
2851,David Williams
2852,Stephen Ho
2853,Richard Day
2854,Rodney Nichols
2855,Gregory Jacobs
2856,Bradley Thornton
2857,Miranda Ortiz
2858,Erika Brown
2859,Samantha Robinson
2860,Cassandra Bonilla
2861,Veronica Osborne
2862,Ashley Reese
2863,Matthew Berg
2864,Kristen Montoya
2865,Derrick Perkins
2866,Nicole Moore
2867,Nicholas Richardson
2868,Anna White
2869,Scott Lopez
2870,Nicholas Holland Jr.
2871,Christopher Long
2872,Andrea Jones
2873,Terry Waller
2874,Joseph Acosta
2875,Lindsey Gray
2876,Ronald Hines
2877,Amanda Wright
2878,Charles Burton
2879,Vincent Rosario
2880,Noah Morgan
2881,Christina Castillo
2882,Jill Martin
2883,Christopher Brown
2884,Lori Martinez
2885,Ashley Phillips
2886,Sara Thomas
2887,Allison Simmons
2888,Matthew Perez
2889,Janice Henson
2890,Ashley Jackson
2891,Brian Sosa
2892,Luis Wilson
2893,Tamara Huang
2894,Cassandra Moreno
2895,Meghan Hernandez
2896,Elizabeth Roth
2897,Brian Hendricks
2898,Tasha Cochran
2899,Angela Smith
2900,Brittany Rios
2901,James Griffith
2902,Karen Jones
2903,Tina Ramirez
2904,Zachary White
2905,Francisco Coleman
2906,Jennifer Leon
2907,Robert Valdez
2908,Jason Crawford
2909,Kim Underwood
2910,Kevin Fisher
2911,Melissa Goodman
2912,Cynthia Smith
2913,Alicia Grant DVM
2914,Amy Bailey
2915,Sharon Fuentes
2916,Charles Castaneda
2917,Susan Sanchez
2918,Amy Taylor
2919,Michele Bennett
2920,Vincent Watson
2921,Mary Jones
2922,Sheila Johnson
2923,Bob Jones
2924,Robin Hernandez
2925,Patrick Adkins
2926,Elizabeth Jenkins
2927,Richard Dominguez
2928,Christopher Ibarra
2929,Paul Gordon
2930,Ronnie Frazier
2931,Kristen Gallegos
2932,Kathryn Fletcher
2933,Christopher Dudley
2934,Vanessa Martinez
2935,Manuel Robinson
2936,Paul Hansen
2937,Rose Mcdonald
2938,Martin Wilcox
2939,Robert Lucas
2940,Brian Miller
2941,Sarah Johnson
2942,Joshua Jones
2943,Nicole Parker
2944,Margaret Johnson
2945,William Cunningham
2946,Rachel Williams
2947,Tony Smith
2948,Douglas Sanders
2949,Paul Swanson
2950,Michele Davis
2951,Patrick Garcia
2952,Brittany Matthews
2953,Kevin Christian
2954,Christian Ford
2955,Anna Higgins
2956,Rhonda Pena
2957,Candace Stuart
2958,Monica Curtis
2959,Gloria Floyd
2960,Isaac Chase
2961,Steven Schroeder
2962,Daniel Bishop
2963,Christian Burton
2964,Robert Thomas PhD
2965,Tracy Harrington
2966,Brandon Edwards
2967,Candice Ramirez
2968,Brandon White
2969,Deanna Kennedy
2970,Shawn Santos
2971,Caleb Carroll
2972,Scott Morales
2973,Sylvia Anderson
2974,Ryan Crane
2975,Michael Hunter
2976,Shawn Fleming
2977,Maria Figueroa
2978,Roberto Smith
2979,Donna Moore
2980,Benjamin Price
2981,Brandon Owens
2982,Stephanie Marshall
2983,Nicholas Lowery
2984,Patricia Gonzalez
2985,Evan Davies
2986,Dr. John Ramirez
2987,Christopher Harrison
2988,Erica Johnson
2989,Jamie Mayer
2990,Jeffrey Kennedy
2991,Sean Cisneros
2992,Debra Reid
2993,Benjamin Sullivan
2994,Michael Savage
2995,Mckenzie Green
2996,Anna Valenzuela
2997,Paul Martin
2998,Jason Alvarez
2999,Caitlyn Horton
3000,Michael Price
3001,Richard Harper
3002,Michael Jensen
3003,William Mcmillan
3004,Nancy Stewart
3005,Jimmy Hernandez
3006,Ashley Cordova
3007,Joseph Smith
3008,Ronnie Martinez
3009,Wayne Davis
3010,William Fisher
3011,Carol Gray
3012,Tristan Bonilla
3013,Alexis Cervantes
3014,Steven Shaw
3015,Melissa Banks
3016,Jason Bell
3017,Kelly Hubbard
3018,Christopher Patterson
3019,Kurt Daniels
3020,Ryan Barker
3021,Douglas Oliver
3022,Shannon Cowan
3023,Ashley Banks
3024,Jennifer Crawford
3025,Tammy Garcia
3026,Kevin Johnson
3027,Jason Walker
3028,James Gonzalez
3029,Caleb Ponce
3030,Jennifer Hoover
3031,Natalie Smith
3032,Danny Campbell
3033,Deborah Roberson
3034,Jennifer Allen
3035,Jennifer Smith
3036,James Montoya
3037,Lindsay Rogers
3038,Wendy Allen
3039,Cheryl Newman
3040,Rebecca Lane
3041,Mark Madden
3042,Tanner Holmes
3043,Brett Owen
3044,Lynn Mueller
3045,Lori Green
3046,Tiffany Harris
3047,Jeffrey Fuller
3048,Alyssa Zimmerman
3049,Angela Reyes
3050,Bianca Chavez
3051,Heather Allen
3052,Elizabeth Nichols
3053,Richard Hartman
3054,Mary Hill
3055,Lori Little
3056,Ashley Stevens
3057,Ashley Campbell
3058,Anna Snyder
3059,Ryan Myers
3060,Alex Jones DVM
3061,Michael Brooks
3062,Terry Stokes
3063,Adam White
3064,Lisa Johnson
3065,Wendy Webb
3066,Kimberly Moore
3067,Tammy Lee
3068,Alexander Hunt
3069,Sean Wilson
3070,Garrett Robinson
3071,Teresa Adams
3072,Dr. Gregory Arnold
3073,Patrick Simpson
3074,Jennifer Lee
3075,Michael Clay
3076,James Silva
3077,Emily Bauer
3078,Katherine Andrade
3079,Paul Cabrera
3080,Lisa Patterson
3081,Jacqueline Chen
3082,Christopher Johnson
3083,Laurie Carter
3084,Maria Sanford
3085,Allen White
3086,Richard Howard
3087,Matthew Watson
3088,Barbara Flores
3089,Gary Marshall
3090,Stephanie Hoffman
3091,Lance Rose
3092,Donald Franklin
3093,Shannon Jones
3094,Jennifer Avila
3095,Francisco Gonzalez
3096,Kathleen Mooney
3097,Caleb Jackson
3098,James Ray
3099,Mason Chase
3100,Susan Mitchell DVM
3101,Steven Hull
3102,Matthew Jones
3103,Robert Cummings
3104,Paul Ross
3105,Emily Salazar
3106,Michael Gibson
3107,Tracy Martinez
3108,Luke Johnson
3109,Adam Garcia
3110,Michael Graham
3111,Corey Barrera
3112,Steven Mayo
3113,Shawna Green
3114,Ashley Valentine
3115,Gary Salazar
3116,Debra Jackson
3117,Joe Martinez
3118,Nicole Barron
3119,Jennifer Griffin
3120,Joseph Lane
3121,Vanessa Morris
3122,Courtney Baker
3123,Bradley Hansen
3124,Mary Moss
3125,Blake Bonilla
3126,Adam Robinson
3127,Chelsea Garcia
3128,Kevin Rose
3129,Paige Collins
3130,Christian Wagner
3131,Colleen Cox
3132,Shawna Palmer
3133,Chelsea Ramirez
3134,Eric Kane
3135,Bridget Walter
3136,Cynthia Shannon
3137,Allen Stanley
3138,Derek Mcintosh
3139,Jeffrey Hernandez
3140,Katie Brown
3141,Brent Wong
3142,Jenny Carter
3143,Kirk Moreno
3144,Jeffrey Maldonado DDS
3145,Colleen Brown
3146,Derek Jones
3147,Darrell Oliver
3148,Jenna Garcia
3149,Sherry Adams
3150,Richard Bailey
3151,Kyle Gross
3152,Jonathan Graves
3153,Eric Knox
3154,Ethan Jones
3155,Steven Thomas
3156,John Cook
3157,Dennis Jones
3158,Sarah Wheeler
3159,Lauren Freeman
3160,Brian Fuentes
3161,Wanda Conley
3162,Carol Thomas
3163,Eric Fitzgerald
3164,Nicholas Fritz
3165,John Diaz
3166,Harold Mckinney
3167,Patricia Vincent
3168,Linda Rodriguez
3169,Monica Smith
3170,Selena Hopkins
3171,Jonathan Sanchez
3172,Valerie Howard
3173,Cheryl Blevins
3174,Tracie Wiley
3175,Stephanie Cole
3176,Kelsey Baker
3177,Stacy Myers
3178,Xavier Parker
3179,Joseph Cooper
3180,Jessica Gibson
3181,Rebecca Roberts
3182,Kathryn Jennings
3183,Chris Levy
3184,Mary Torres
3185,Robert Smith
3186,Douglas Watkins
3187,Eric Jordan
3188,April King
3189,Douglas Trevino
3190,Patricia Moore
3191,Devin Ferrell
3192,Kevin Miller
3193,John Gomez
3194,Mandy Henderson
3195,Annette Green
3196,Eric Elliott
3197,Erica Lane
3198,Christina Taylor
3199,Elizabeth Miller
3200,Lori Gardner
3201,Shawn Kim
3202,Jeremy Edwards
3203,Michelle Mcdonald
3204,Jason Jenkins
3205,Justin Bernard
3206,Peter Gilbert
3207,David Hunt
3208,Joshua Cunningham
3209,Pedro Long
3210,Aaron Aguirre
3211,Julia Brown
3212,Ronald Santos
3213,Brent Roberts
3214,Mr. Antonio Yang
3215,Nancy Brown
3216,Charles Yang
3217,Danny Lowe PhD
3218,Eric Hays
3219,John Watts
3220,Aaron Munoz
3221,Brent Harris
3222,Ross Wallace
3223,Bryan Sullivan
3224,Dr. Sarah Payne
3225,Melanie Villarreal
3226,Jessica Fields
3227,Robert Sandoval
3228,Patrick Payne
3229,Dylan Contreras
3230,Katherine Contreras
3231,Michael Rodriguez
3232,Jeffery Johnson
3233,Justin Smith
3234,Matthew Barry
3235,Amanda Meadows
3236,Julie Sharp
3237,William Howard
3238,Kathy Bailey
3239,Jeanette Brown
3240,Heather Ball
3241,Mike Buchanan
3242,Phillip Turner
3243,Thomas Brewer
3244,John Hopkins
3245,Tammy Rowe
3246,Beverly Nguyen
3247,Hannah Williamson
3248,Andrew Christian
3249,Brent Rodriguez
3250,Karen Wolf
3251,Dr. Morgan Young
3252,Carrie Stafford
3253,Jennifer Brown
3254,Ashley Bradford
3255,Phillip Obrien
3256,Tammy Morris
3257,Jamie Zhang
3258,Christina King
3259,Dustin Harris
3260,Robert Stokes
3261,Kevin Soto
3262,Christina Patrick
3263,Heather Russell
3264,Andrea Lopez
3265,Susan May
3266,Ronnie Hudson MD
3267,Luke Hansen
3268,Austin Patterson
3269,Benjamin Miller
3270,Elizabeth Wilson
3271,Kyle Rivera
3272,Todd Nielsen
3273,Michael Jones
3274,Tracy Jones
3275,Sarah Frederick
3276,Jennifer Brown
3277,Ashley Ruiz
3278,Deborah Johnson
3279,Dean Cook
3280,Brenda Payne
3281,Tammy Alvarado
3282,Cynthia Jones
3283,Sue Warner
3284,Amanda Zavala
3285,Linda Salazar
3286,Juan Potts
3287,Andrew Johnson
3288,Marie Reynolds
3289,Samuel Mata
3290,Anthony Ayala
3291,Kimberly Dalton
3292,Nancy Tran
3293,Ralph Dominguez
3294,Jeffery Taylor
3295,Steven Haas
3296,Cory Kim
3297,David Chapman
3298,Paul Beasley
3299,Laura Ritter
3300,Nathan Hess
3301,Cameron White
3302,Gregory Rios
3303,Eduardo Obrien
3304,Bryan Jones
3305,Joshua Simpson
3306,Heather Herman
3307,Micheal Pugh
3308,Eileen Valdez
3309,Debra Wolfe
3310,Amy Mccullough
3311,Lisa Ramirez
3312,Chad Daugherty
3313,Patrick Clark
3314,Robert Thomas
3315,Melissa Santos
3316,Brian Porter
3317,Donald Cruz
3318,Angela Ramirez
3319,Kathleen Roy
3320,Andrew Harris
3321,Jeffrey Williams
3322,Joshua Bailey
3323,Lee Barry
3324,Susan Patrick
3325,Nicole Peterson
3326,Jessica Patterson
3327,Nancy Brown
3328,James Griffith
3329,Shannon Hurley
3330,Kenneth Carroll
3331,Carla James
3332,Tammy Anderson
3333,Robert Tapia
3334,David Daniels
3335,James Gilbert
3336,Matthew Patton
3337,Lisa Martinez
3338,Erica Baker
3339,Joel Gonzales
3340,Vincent Castillo
3341,Claudia Brown
3342,Destiny Bishop
3343,Austin White
3344,Desiree Booth
3345,Mark Thomas
3346,Amber Wilson
3347,Michael Valencia
3348,Amanda Love
3349,Miguel Green
3350,Michael Mathews
3351,Nathan Burke
3352,Billy Wallace
3353,Cynthia Nguyen
3354,Rodney Perry
3355,Sherri Thomas
3356,Richard Rogers
3357,Matthew Ruiz
3358,Lisa Martin
3359,Timothy Buck
3360,Lee Morton
3361,Priscilla Romero
3362,Hailey Lewis
3363,Amanda Barber
3364,Zachary Miller
3365,Timothy Walker
3366,Laura Kelley
3367,Nicholas Abbott
3368,Amber Kennedy
3369,Jessica Adams
3370,Eileen Sanchez
3371,Randall Cox
3372,Paul Wilson
3373,Nicholas Beard
3374,Harold Wagner
3375,Martha Jacobs
3376,Jason Hudson
3377,Beth Medina
3378,Jennifer Richards
3379,David Mitchell
3380,Brad Fisher
3381,Ms. Mackenzie Barton
3382,Sherri Smith
3383,Dennis Spencer
3384,Natalie Martinez
3385,Jeffrey Vaughn
3386,Brandi Camacho DVM
3387,Heather Morales
3388,Michelle Wilson
3389,Stephanie Vargas
3390,Wendy Williams
3391,Heather Cole
3392,Jerry Davenport
3393,John Taylor
3394,Ralph Hendricks
3395,Angela Huang
3396,Jacqueline Banks
3397,Jeffrey Romero
3398,Theresa Davis
3399,Glenn Elliott
3400,Lauren Anthony
3401,Frank Flores
3402,Charles Cervantes
3403,Virginia Clark
3404,Laura Gilbert
3405,Dustin Wilson
3406,Jeffrey Mcclure
3407,Thomas Zhang
3408,Tammy Estrada
3409,Daniel Roberson
3410,Alyssa Orr
3411,Kimberly Lloyd
3412,Ronnie Johnson
3413,Tom Duncan
3414,Kelly Guerra
3415,Brian Mccarthy
3416,Jill Reynolds
3417,Sean Kaiser
3418,Audrey Gomez
3419,Ricky Luna
3420,Jonathon Hill
3421,Kayla Waters
3422,Emily Middleton
3423,Timothy Bauer
3424,Ryan Guerrero
3425,Amanda Walters
3426,Chad Bennett
3427,Megan Baker
3428,Robert Gross
3429,Craig Liu
3430,Shannon Curry
3431,Austin Grant
3432,Christopher Barnes
3433,James Silva
3434,Kari Sandoval
3435,Eric Hall
3436,John Robles
3437,Howard Castillo
3438,Brian Ibarra
3439,Donna Montes
3440,Matthew Wilson
3441,Francis Wilson
3442,Michele Ayala
3443,Dr. John Jenkins
3444,Earl Romero
3445,Rachel Brown
3446,Deborah Stewart
3447,Jeremy Ross
3448,Debra Chandler
3449,Robert Parker
3450,Kenneth Jackson
3451,Mario Gould
3452,Erin Jacobs
3453,Nathan Lang
3454,Michael Barr
3455,Kristen Pena
3456,Heidi Gonzalez
3457,Joseph Heath
3458,Robert Lozano
3459,Daniel Quinn
3460,Amanda Smith
3461,Ashley Sanders
3462,Mr. Eric Hall
3463,Danielle Nelson
3464,Richard Rios
3465,Patrick Nelson
3466,Benjamin Bowen
3467,Jennifer Smith
3468,Lisa Hernandez
3469,Rebecca Lee
3470,Emily Morris
3471,Allison Hill
3472,Dennis Douglas
3473,Eddie Davis
3474,Kristina Webb
3475,Kim Sanchez
3476,Jonathan Long
3477,Joshua Rodriguez
3478,William Sanders
3479,Jacob Hart
3480,Evelyn Pacheco
3481,Anna Jackson
3482,Katherine Wright
3483,Luis Wells
3484,Lacey Hall
3485,Darlene Collins
3486,Chris Morris
3487,Jennifer Smith
3488,Nicole Norton
3489,Emily Pearson
3490,Michael Robertson
3491,Wendy Miller
3492,Michael Bennett
3493,Carla Goodman
3494,Jeffrey Stanton
3495,Jeff Jackson
3496,Katelyn Curry
3497,Jennifer Phillips
3498,Edward Weeks
3499,Kelly Gilbert
3500,Matthew Thomas
3501,Christine Mendez
3502,Kelly King
3503,Timothy Ho
3504,Sarah Taylor
3505,Sandra Smith
3506,Chris Jones
3507,Emily Lopez
3508,Kimberly Rivera
3509,John Moore
3510,Justin Perez
3511,Tanya Hill
3512,Shawna Silva
3513,Marcus Powell
3514,Joshua Hopkins
3515,Christian Cross
3516,Dennis Garcia
3517,Laurie Miranda
3518,Raymond Vargas
3519,Robert Savage
3520,Kara Jackson
3521,Virginia Davis
3522,Brianna Martin
3523,Erica Huang
3524,Jorge Gonzales
3525,Erin Mason
3526,Justin Bennett
3527,John Collins
3528,Kerry Ware
3529,Tina Dougherty
3530,Michelle Larsen
3531,Katherine Mccormick
3532,Kristin Graham
3533,Alexander Diaz
3534,Michael Chandler
3535,Justin Cuevas
3536,Janet White
3537,Alexandra Ramos
3538,Abigail Collins
3539,Jacob King
3540,Lisa Johnson
3541,John Williams
3542,Dawn Garrett
3543,Samantha Roy
3544,Yolanda Chen
3545,John Golden DDS
3546,Amanda Johnson
3547,Brittany Fitzgerald
3548,Bonnie Barnes
3549,Amy Walsh
3550,Brent Stephens
3551,Mrs. Lisa Smith
3552,Sarah Stewart
3553,Susan Matthews
3554,Kelli Shepard
3555,Ryan Caldwell
3556,Roger Mason
3557,Angela Ramos
3558,Craig Wagner
3559,Paul Massey
3560,Donald Bell
3561,Keith Horton
3562,Julie Wilson
3563,Nicholas Lopez
3564,Tracy Wang
3565,Claudia Brooks
3566,Nathaniel Wright
3567,Maria Valenzuela
3568,Peter Anderson
3569,Michael Thompson
3570,Ethan Perez
3571,Stephen Thompson
3572,Michael Baker
3573,Kenneth Bailey DDS
3574,Mark Decker
3575,Ruben Cruz
3576,Christine Park
3577,Robert Hogan
3578,Michael Gordon
3579,Rebecca Davis
3580,Deanna Mcdonald
3581,Brian Barrett
3582,Charles Willis
3583,James Chapman
3584,Michael Soto
3585,Aimee Fisher
3586,Matthew Garcia
3587,Elizabeth Owens
3588,Alex Lamb
3589,Kenneth Graham
3590,Roy King
3591,George Gregory
3592,Wesley Rich
3593,Stephanie Hunter
3594,Raymond Finley
3595,Allen Hunt
3596,Stacie Sanford
3597,Christina Compton
3598,Beverly Cook
3599,Tracy Parker
3600,Rebecca Ellis
3601,Aaron Hernandez
3602,Elizabeth Miller
3603,Dalton Davis
3604,Michael Singleton
3605,John Cooper
3606,Michael Hale
3607,Mary Guerra
3608,Pamela Davis
3609,Phillip Anderson
3610,Stephanie Weiss
3611,Jessica Long
3612,John Yang
3613,Connie Franklin
3614,Jackie Morgan
3615,Lisa Walton
3616,Maria Taylor
3617,Daniel Graham
3618,Matthew Simmons
3619,James Nicholson
3620,Tyler Fisher
3621,Michael Flowers
3622,Bradley Parks
3623,Scott Lara
3624,Francis Andrews
3625,Jesse Tucker
3626,Jennifer Wise
3627,David Walters
3628,Rebekah Cole
3629,John Rogers
3630,Holly Floyd
3631,Ms. Janet Leonard
3632,George Villa
3633,Christina Hess
3634,Jordan Williams
3635,Bryan Burns
3636,Stephen Parks
3637,George Phillips
3638,Kimberly White
3639,Alan Nguyen
3640,Linda Howard
3641,Parker Wright
3642,Brandon Acosta
3643,Jessica Hill
3644,Melissa Sanchez
3645,Sandy Oconnor
3646,Judy Jones
3647,Charles Davila
3648,Sonia Reyes
3649,Mrs. Tammy Curry
3650,Alex Clements
3651,Matthew Andrade
3652,Jessica Wilson
3653,Dean Turner
3654,Sarah Sanchez
3655,Jacqueline Kennedy
3656,Jessica Burgess
3657,Destiny Powers
3658,Susan Gregory
3659,Jason Smith
3660,Carlos Adams
3661,Vanessa Flores
3662,Albert Nguyen
3663,Dwayne Joseph
3664,Leah Walters
3665,James Spears
3666,Gilbert Reed
3667,Joel Newton
3668,Michael Chambers
3669,Andrew Phelps
3670,Lynn Hoffman
3671,Daniel Mercer
3672,Edgar Stewart
3673,Alyssa Weber
3674,Guy Reynolds
3675,Allison Mcpherson DDS
3676,David Morse Jr.
3677,Sarah Davis
3678,Willie Duncan
3679,Christopher Waters
3680,Jennifer Ortiz
3681,Jennifer Greene
3682,Jack Garcia
3683,Toni Gill
3684,Joseph Myers
3685,Kathleen Marshall
3686,Joanna Bradshaw
3687,Dylan Patel
3688,John Jackson
3689,Janet Delgado
3690,Jennifer Fields
3691,Brenda Harvey
3692,Ms. Monique Dougherty MD
3693,Keith Kennedy
3694,Jacob Paul
3695,Martha Arnold
3696,Sarah Martin
3697,Shaun Thompson
3698,Tammy Morris
3699,Steven Clark
3700,David Morrison
3701,Rebecca Kaufman DDS
3702,Larry Rivera
3703,Caitlin Ford
3704,Adriana Johnson
3705,Sharon Cowan
3706,Andrea Butler
3707,Mike Martinez
3708,Maria Ferguson
3709,John Barber
3710,James Short
3711,Heidi Moran
3712,Marie Patterson
3713,Charles Baker
3714,Nicole Rodriguez
3715,Jason Morgan
3716,Rebecca Clark
3717,Martin Jones
3718,Katherine Sanchez
3719,Edward Wallace
3720,Melissa Carroll
3721,Pam Hernandez
3722,Daniel Wood
3723,Eddie Duffy
3724,Mark Alvarez
3725,Edward Manning
3726,Bridget Carter
3727,Mark Johnson
3728,Eric Silva
3729,Nathan Mcgee
3730,Jennifer Montgomery MD
3731,Christopher Farrell
3732,James Grimes
3733,Mr. Joseph Thompson
3734,Alexis Arroyo
3735,Eric Walker
3736,Richard Mccormick
3737,Heather Stevens
3738,Susan Larsen
3739,Rachel Warren
3740,Dale Beck
3741,Brett Rivera
3742,Juan Nichols
3743,Shelia Waller
3744,Keith Wright
3745,Patrick Norris
3746,Danielle Norris
3747,Andrew Lynch
3748,Anna Lee
3749,Amy Leach
3750,Amy Perez
3751,Lauren Marshall
3752,Rachael Flores
3753,Christina Wilson
3754,Craig Daniels
3755,John Hudson
3756,Shannon Rodriguez
3757,Paula Lee
3758,Lisa Bryant
3759,Paul Guzman
3760,Christopher Hunter MD
3761,Elizabeth Camacho
3762,Donald Hoffman
3763,Jeremiah Rowland
3764,Katherine Flores
3765,Julie Martin
3766,Jeffrey Torres
3767,Jessica Little
3768,Catherine Maxwell
3769,Cindy Shaw
3770,Joseph Garcia
3771,Leon Duncan
3772,Christopher Miranda
3773,Sarah Bishop
3774,Tyler Zavala
3775,Rachel Chan
3776,Timothy Kennedy
3777,Elizabeth Thomas
3778,Hector Mcgee
3779,Jeffery Long
3780,Philip Powell
3781,Heather Trujillo
3782,Pamela Smith
3783,Christine Moran
3784,James Morris
3785,Erika Castro
3786,Daniel Shaw
3787,Ashley Sanchez
3788,John Griffith
3789,Wesley Williams
3790,Melissa Stout
3791,Mr. Lawrence Brooks
3792,Mark Hill
3793,Thomas Rodriguez
3794,Paul Nguyen
3795,Jennifer Hernandez
3796,Edwin Gonzalez
3797,David Armstrong
3798,Debbie Schmidt
3799,Alex Barton
3800,Richard Dawson
3801,Scott Stein
3802,Stephen Lopez
3803,Joel Cook
3804,Michele Scott
3805,Allison Wilson
3806,James Tucker
3807,Joseph Durham
3808,Alexis Kim
3809,Jonathan Yates
3810,Katherine Andrews
3811,Morgan Cunningham
3812,Phyllis Schmidt
3813,Sarah Miller
3814,Lisa Kaiser
3815,Pamela Jordan
3816,Jerry Gilmore
3817,Marie Jones
3818,Gina Rose
3819,Samantha Reynolds
3820,Kenneth Smith
3821,Alicia Perez
3822,David Walker
3823,Erin Ellis
3824,Patricia Andrews
3825,Spencer Camacho
3826,Raymond Harris
3827,Alexander Guzman
3828,Penny Fernandez
3829,Erin Stewart
3830,Daniel Turner
3831,Devin Mayer
3832,Henry Taylor
3833,Jessica Flowers
3834,Jeremy Manning
3835,Jamie Griffin
3836,Daniel James
3837,Anna Thompson
3838,Misty Martinez
3839,Barbara Burns
3840,Nicole Stewart
3841,William Marsh
3842,David Rodriguez
3843,Adam Lara
3844,Scott Gomez
3845,Sara Hamilton
3846,Elizabeth Key
3847,Mason Price
3848,Trevor Hill
3849,Erica Taylor
3850,Justin Anderson
3851,Michael Farmer
3852,Robert Cline
3853,Jacqueline Perry
3854,Christopher Mayer
3855,Natalie Patrick
3856,Shawn Rodriguez
3857,Jonathan Torres
3858,Susan Baker
3859,Richard Rivera
3860,Amanda Wiggins
3861,Amber Bennett
3862,Kelly Moore
3863,Steven Davis
3864,Ashley Alvarez DVM
3865,Kimberly Taylor
3866,Mallory Collins
3867,Steven Anderson
3868,Holly Austin
3869,Karen Goodman
3870,Christina Robinson
3871,Tom Perez
3872,Brandon Powell
3873,Ashley Perez
3874,Matthew Murphy
3875,Mary Meyer
3876,Sophia Wolf
3877,Javier Stanley
3878,Taylor Johnson
3879,Janice Williams
3880,Christopher Thomas
3881,Robert Martin
3882,Kenneth Webb
3883,Mark Montoya
3884,Jodi Lewis
3885,Kimberly Wilson
3886,Randy Bradshaw
3887,Steven Scott
3888,Katherine Dunn
3889,Mary Peterson
3890,Amy Diaz
3891,Traci Martinez
3892,Jim Rodriguez
3893,Elizabeth Marks
3894,Jeffrey Joyce
3895,Sean Wagner
3896,Todd Lutz
3897,Ryan Walker
3898,Nicholas Gomez
3899,Brittany Heath
3900,Rebecca Cox
3901,Travis Schmidt
3902,Brett Martin
3903,Lisa Bridges
3904,Brittany Dunlap
3905,Shannon Ramirez
3906,Tiffany Phillips
3907,Valerie English
3908,Chad Hurley
3909,David Peters
3910,Thomas Austin
3911,Amy Jenkins
3912,Rodney Duran
3913,Tiffany Sanchez
3914,Maria Myers
3915,Ruben Jones
3916,Desiree Stafford
3917,Patrick Blackburn
3918,Jeremy Chambers
3919,Alexandra Wilson
3920,Brian Fuller
3921,Matthew Evans
3922,Patrick Gibson
3923,William Lozano
3924,Dillon Travis
3925,Steven Rodriguez
3926,Kevin Walter
3927,Rebecca Blake
3928,Brian Bright
3929,Linda Cox
3930,Mary Copeland
3931,Jennifer Little
3932,Diana Ramsey
3933,David Romero
3934,Russell Bird
3935,Brian Shaffer
3936,Jon Garza
3937,Ashley Norman
3938,Kristina Monroe
3939,Joseph Schaefer
3940,Kyle Garza
3941,Tiffany Johnston
3942,Phillip Ward
3943,Stephanie Fisher
3944,Patrick Reed
3945,Sarah Berry
3946,Teresa Li
3947,Paula Caldwell
3948,Keith Johnson
3949,Annette Knapp
3950,Monica Atkinson
3951,Robert Cooper
3952,Danielle Griffin
3953,Jimmy Ritter
3954,Riley Clark
3955,Kimberly Morris
3956,Gregory Ochoa
3957,Shannon Cook
3958,Natalie Huff
3959,Ronald Garcia
3960,Margaret Edwards
3961,Cody Reyes III
3962,Heather Shaffer
3963,Nicole Chung
3964,Brian Perkins
3965,Melody Castro
3966,Kimberly Sanders
3967,Christina Davis
3968,Sherri Sullivan
3969,Mike Patel
3970,Thomas Garcia
3971,Robin Clay
3972,Kelly Miller
3973,Mrs. Amanda Kelley DDS
3974,Johnny Whitaker
3975,Mrs. Courtney Wong
3976,Adam Sanchez
3977,Logan Massey
3978,Juan Carroll
3979,Ryan Carpenter
3980,Stacy Werner
3981,Michelle Holden
3982,Deborah Wood
3983,Taylor Flores
3984,Tyler Taylor
3985,Victoria Wright
3986,Betty Pollard
3987,Katie Alvarez
3988,Robert Munoz
3989,Michelle Newman
3990,Victoria Marshall
3991,Amy Montgomery
3992,Jeffrey Benton Jr.
3993,Kristin Brown
3994,Sean Hernandez
3995,Ana Higgins
3996,Theresa Luna
3997,Katherine Padilla
3998,Victoria Lewis
3999,Joshua Leonard
4000,Kelly Liu
4001,Brianna Ryan
4002,Emily Smith
4003,Michelle Howard
4004,William Austin
4005,Monica Oconnor
4006,Kyle Blake
4007,Christopher Banks
4008,Bryan Davis DVM
4009,Tiffany Hughes
4010,Michael Taylor
4011,Brendan Kelly
4012,Sherry Porter
4013,James Perez
4014,Miss Gina Walton
4015,Alicia Obrien
4016,Mrs. Jacqueline Jackson
4017,Kendra Smith
4018,Alexander Stein
4019,Shannon Sosa
4020,Marc White
4021,Gregory Wiggins
4022,Linda Berry
4023,Michelle Hobbs
4024,Charles Fuentes
4025,Andrew Medina
4026,Teresa Aguirre
4027,Eddie Bailey
4028,Joseph Mccullough
4029,Mr. Zachary Mora DVM
4030,Kimberly Price
4031,Bruce Spencer
4032,Jacob Allen
4033,Chelsea Powell
4034,Thomas Morse
4035,Susan Zimmerman
4036,Annette Meyer
4037,Erica Rose
4038,Kim Long
4039,Christina Flores
4040,Craig Raymond
4041,Jeffrey Miller
4042,Brian Hoffman
4043,Elizabeth Gay
4044,Patricia Hale
4045,Amanda Arroyo
4046,Kevin Mccullough
4047,Margaret Stevenson
4048,Amber Turner
4049,Victor Williams
4050,Shelly Rodgers
4051,Cassandra Wood
4052,Susan Garcia
4053,Stephanie Joseph
4054,Dalton Clark
4055,Alexis Weeks
4056,Michael Glass
4057,David Cervantes
4058,Victoria Benitez
4059,Jacqueline Monroe
4060,Charles Sanchez
4061,Sonia Henderson
4062,Sharon Sims
4063,Shawn Doyle
4064,Michael Perry
4065,Donald Santana
4066,Katherine Greene
4067,Jennifer Dominguez
4068,Matthew Walker
4069,Ashley Barrera
4070,Clifford Murphy DVM
4071,Michael Arias
4072,Joshua Mitchell
4073,Ashley Wilson
4074,Stacey Clements
4075,Kathleen Martinez
4076,Julie Rodriguez MD
4077,Cathy Farmer
4078,Dana Gilbert
4079,Charles Harper
4080,Timothy Wang
4081,Daniel Stewart
4082,Tiffany Peterson
4083,Tammy Bell
4084,Mathew Myers
4085,Edgar Brown
4086,Cory Barrett
4087,Seth Jones
4088,Joseph Hawkins
4089,Victor Brown
4090,Jennifer Ferguson
4091,Carolyn Cantu
4092,Charles Garcia
4093,James Hart
4094,Patricia Wilson
4095,Mark Elliott
4096,Matthew Bartlett
4097,Maria Campbell
4098,Joanna Adkins
4099,Lisa Reed
4100,Jordan Calhoun MD
4101,Heather Thomas
4102,Carrie Coffey
4103,Dr. Isabel Smith PhD
4104,Joe Page
4105,Crystal Morales
4106,Heather Mcmahon
4107,Jason Quinn
4108,James Cox
4109,James Cummings
4110,Daniel Lee
4111,Shane Hopkins
4112,Stephanie Kelley
4113,Jennifer Schneider
4114,Charles Rodriguez
4115,Elizabeth Wall
4116,Loretta Williams
4117,Juan Moore
4118,Joseph White
4119,Michael Cruz
4120,Denise Reese
4121,Brittney Morales
4122,Christina Jenkins
4123,Sean Anderson
4124,Emily Fitzpatrick
4125,Nancy Liu
4126,Rachel Miller
4127,Scott Brown
4128,Emily Winters
4129,Chris Lewis
4130,Heidi Blankenship
4131,Sandra Alvarez
4132,Donna Garcia
4133,Stephanie Hernandez
4134,Joseph Montgomery
4135,Juan Harrison
4136,Miss Stephanie Cherry
4137,Bridget Wallace
4138,Brandy James
4139,Christopher Smith
4140,Sabrina Galvan
4141,Catherine Shannon
4142,Theresa Knight
4143,Victoria Tanner
4144,Chad Evans
4145,Chase Haney
4146,Maureen Nixon
4147,Michael Rush
4148,Larry Lloyd
4149,Steven Butler
4150,Samuel Lee
4151,Joseph Moon
4152,Taylor Williams II
4153,Jerry Hamilton
4154,Paul Wolf
4155,Bobby Arnold
4156,William Weber
4157,Alicia James
4158,Jamie Johnson
4159,Melissa Rogers
4160,Sarah Mueller
4161,Gordon Hahn
4162,Kristen Burns
4163,Thomas Sellers
4164,Melvin Flores
4165,Ashley Cochran
4166,Ashley Jones
4167,Christian Solis
4168,Sharon Smith
4169,Robert Berg
4170,Brooke Sims
4171,Julia Marks
4172,Ashley Martinez
4173,Christina Reese
4174,Brandon Bean
4175,Rickey Hall
4176,Bobby Flores
4177,Karen Gonzalez
4178,Lisa Lopez MD
4179,Sharon Brown
4180,Aaron Thompson
4181,Charles Weaver
4182,Melissa Warner
4183,Cody Morris
4184,Carla Reid DDS
4185,Katie Mitchell
4186,Roger Moss
4187,Mary Donaldson
4188,Paul Brown
4189,Gregory Quinn
4190,Sabrina Miller
4191,Michelle Smith
4192,Anita Chapman
4193,Heather Becker
4194,Andrea Baker
4195,Joanne Harmon
4196,Mr. Phillip Edwards
4197,Mrs. Laurie Williams MD
4198,Joel Mclean
4199,Valerie Ford
4200,Jodi Thomas
4201,Jennifer Johnson
4202,Eugene Fritz
4203,Jennifer Smith
4204,Mary Thompson
4205,Catherine Davis
4206,Chris Rogers
4207,James Torres
4208,Kirsten Perez
4209,Dr. Jeffrey Valentine
4210,Wayne Brown
4211,Andrea Morris
4212,Dylan Young
4213,Regina Butler
4214,Eric Moore
4215,Melinda Patterson
4216,Carl Campbell
4217,Renee Shields
4218,Wesley Brown
4219,Jason Clark
4220,David Wiggins
4221,Thomas Kaufman
4222,Kristen Ray
4223,Cory Martinez
4224,Mark Maddox
4225,Kevin Young
4226,Katherine Harrison
4227,Jorge Davis
4228,Loretta Miller
4229,Lance Macdonald DVM
4230,Jerry Waters
4231,Desiree Thomas
4232,Amy Wright
4233,Erin Summers
4234,Mr. Don Flores
4235,Miss Kimberly Holloway
4236,Tina Harper
4237,Nicholas Moss
4238,Robert Campbell
4239,Jenny Cardenas
4240,Dean Thomas
4241,Matthew Farmer
4242,John Browning
4243,Mario Peters
4244,Olivia Rodriguez
4245,Donald Mccarthy
4246,Christopher Anderson
4247,Becky Parrish
4248,Jackie Stewart
4249,Krista Fuller
4250,Jennifer Nguyen
4251,Amanda Campbell
4252,Laura Ware
4253,Mitchell Anderson
4254,Barry Hernandez
4255,Teresa Young
4256,Valerie Morgan
4257,Paul Vasquez
4258,Kelly May
4259,Christopher Carson
4260,Joan Wilson
4261,Debbie Allen
4262,Kristin Williams
4263,Courtney Williams
4264,David Hernandez
4265,Kathryn Morris
4266,Meagan Smith
4267,Katherine Caldwell
4268,Krista Williams
4269,Christine Aguilar
4270,Michael Perkins
4271,Steven Martin
4272,Joshua Herman
4273,Diana Hawkins
4274,Caitlin Harris
4275,Felicia Murphy
4276,Bryan Mitchell
4277,Larry Curtis
4278,Jennifer Lopez
4279,Robert Newton
4280,Christina Hudson
4281,Sandra Craig
4282,Sabrina Ward
4283,Mark Knight
4284,Darlene Dixon
4285,Daniel White
4286,Jonathan Cortez
4287,Judith Myers
4288,Tammie Castillo
4289,Rebecca Estrada
4290,Angela Rodriguez
4291,Andre Williams
4292,Donald Smith
4293,Nicholas Ali
4294,Jacob Brewer
4295,Natalie Watson
4296,Matthew Evans
4297,Bryan Thomas
4298,Timothy Lucero
4299,Barbara Fields
4300,Rebecca Beard
4301,Carrie Rodriguez
4302,Jordan Tanner
4303,Denise Johnson
4304,Amy Holt
4305,James Bennett
4306,Jeffrey Owens
4307,Adam Merritt
4308,Tina Walter
4309,Michelle Harris
4310,Michael Richmond
4311,Michael Patrick
4312,Amanda Hart DVM
4313,Michele Conner
4314,Natalie Mitchell
4315,Jacob Hoover
4316,Jacqueline Winters
4317,Kimberly Flores
4318,Jennifer Carpenter
4319,William Saunders
4320,Michael Preston
4321,Jennifer Ali
4322,David Taylor
4323,Maria Hayes
4324,Melanie Preston
4325,Thomas Mcgrath
4326,Glenn Chen
4327,Sarah Berry
4328,Rebecca Summers
4329,Rodney Gilmore
4330,Kimberly Stone DDS
4331,Joshua Dunlap
4332,Melinda French
4333,Gabriel Copeland MD
4334,Kelly Weiss
4335,Gregory Russell
4336,Ashley Bowman
4337,Ruben Woodard
4338,Aaron Leon
4339,Ashley Thomas
4340,Travis Allen
4341,Roger Weaver
4342,Robert Johnson
4343,Bryan Lopez
4344,Andrea King
4345,Jennifer Howard
4346,Michael Evans
4347,Daniel Patterson
4348,Karen Mendez
4349,John Johnson
4350,Andre Haynes
4351,Janet Ryan
4352,Michael Oliver
4353,Wesley Henry
4354,Andrew Freeman
4355,Karen Stephens
4356,Nathaniel Baldwin
4357,Jordan Curry
4358,William Johnson
4359,Richard Bond
4360,Jason Smith
4361,Scott Norman
4362,Jill Shaw
4363,Michael Price
4364,Martha Williams
4365,Melissa Henry
4366,Elaine Martin
4367,Gary Rodriguez
4368,Ryan Gonzalez
4369,Mr. Reginald Roman
4370,Patricia Williams
4371,Gerald Vega
4372,Crystal Wallace
4373,Susan Garcia
4374,Patrick Potts
4375,Jessica Richardson
4376,Alicia Warren
4377,Madison Rodriguez
4378,Douglas Grant
4379,Austin Baker
4380,Heather Morales
4381,Susan Hutchinson
4382,Christopher Hudson
4383,Jill Barajas
4384,Dennis Jones
4385,Charlene Gutierrez
4386,Crystal Hernandez
4387,Michael Smith
4388,Richard Rodriguez
4389,Lauren Smith
4390,Breanna Mccall
4391,Rebecca Lopez
4392,John Garcia
4393,Mark Weaver
4394,Brianna Martinez
4395,Shannon Jones
4396,Victoria Knight
4397,Paul Franco
4398,Darin Baker
4399,Jeffrey Harrell
4400,Alyssa Powers
4401,Jeanette Obrien
4402,Nicole Anderson
4403,Rachel Oneal
4404,Nicole Moore
4405,Donna Mejia
4406,Andre Jones
4407,Steven Thomas
4408,Jaclyn Long
4409,Robert Stark
4410,Joseph Murphy
4411,Travis Dixon
4412,Seth Barker
4413,Tammy Jacobs
4414,Laura Harrison
4415,John Peterson
4416,Lynn King
4417,Devon Roberts
4418,Emily Bullock
4419,Kylie Bailey
4420,Roger Holmes
4421,Dennis Coleman
4422,Patricia Zamora
4423,Randy Phillips
4424,Heather Daniels
4425,Robert Perkins
4426,Nathaniel Walter
4427,Christine Tyler
4428,Catherine Holland
4429,David Washington III
4430,Kimberly Thomas
4431,Dawn Levy
4432,Victoria Smith
4433,Timothy Reilly
4434,William Silva
4435,Keith Gonzalez
4436,Jeffrey Holden
4437,Karen Hughes
4438,Christopher Ward
4439,Amy Boone
4440,Joshua Adams
4441,Tammy Mcdaniel
4442,Steven Knight
4443,George Weber
4444,Jeffrey Hall
4445,Laura Adams
4446,Sara Hernandez
4447,Emily Robinson
4448,Samantha Harris
4449,Tiffany Davis
4450,Veronica Nelson
4451,Mr. Ryan Walker
4452,Christopher Thompson
4453,Brian Allen
4454,Kevin Greene
4455,Daniel Garcia
4456,Micheal Ramos
4457,Janice Gilbert
4458,Joshua Nelson
4459,Katherine Clarke
4460,Erica Porter
4461,Sara Obrien
4462,Michael Burke
4463,Jamie French
4464,Ernest Sullivan
4465,Earl Hall
4466,Julie Johnson
4467,Dana Wolfe
4468,Robert Price
4469,James Henry
4470,Susan Davis
4471,Darryl Richardson
4472,Karen Jackson DVM
4473,Linda Patrick
4474,Veronica Diaz
4475,Ann Moon
4476,Michael Williams
4477,Timothy Chavez
4478,Scott Ramirez
4479,Crystal Collins
4480,Crystal Davis
4481,Matthew Mueller
4482,Teresa Thompson
4483,Teresa Jacobson
4484,Robert Gonzalez
4485,Andrea Garcia
4486,Cassandra Martinez
4487,Philip Cummings
4488,Timothy Sanchez
4489,Scott Miranda
4490,Alicia Wagner
4491,Chad Williams
4492,Carlos Hensley
4493,Laura Ramirez
4494,Christopher Rodriguez
4495,Mark Webster
4496,James Smith
4497,Robert Byrd
4498,Joshua Powell
4499,Tonya Harding
4500,Larry Higgins
4501,Nicole Mills
4502,Jonathan Porter
4503,Christine Greene
4504,Edwin Munoz
4505,James Brooks
4506,Craig Smith
4507,Mark Thomas
4508,Rachel Curry
4509,Elizabeth Sanchez
4510,Darren Gonzales
4511,Mr. John Khan
4512,Jason Williams
4513,Stephanie Livingston
4514,Anthony Marshall
4515,Matthew Hamilton
4516,Heather Hunt
4517,Timothy Melton
4518,Harold Lee
4519,Carol Gay
4520,Michael Nelson
4521,Daniel Meyer
4522,Jamie Lindsey
4523,Marc Mitchell
4524,Jose Martinez
4525,John Gallagher
4526,Richard Chandler
4527,Andrea Donaldson
4528,Jamie Guerrero
4529,Nathan Adams
4530,Thomas Davis
4531,James Williams
4532,Troy Lee
4533,Jennifer Mckenzie
4534,Joshua Scott
4535,April Jones
4536,Deborah Webb
4537,John Zavala
4538,Katherine Miller
4539,Steven Jensen
4540,Sarah Sosa
4541,Justin Small
4542,Erin Ortega
4543,Mary Conley
4544,Melanie Drake
4545,Danielle Briggs
4546,Dillon Case
4547,William Esparza
4548,Kevin Solis
4549,Roger Peters
4550,Colleen Blanchard
4551,Christian Garcia
4552,Heidi Newton
4553,Gary Miller
4554,John Hebert
4555,Erik Small
4556,Robert Moore
4557,Andre Pace
4558,David Koch
4559,Tyler Chapman MD
4560,Donna Bishop
4561,Christopher Murphy
4562,Bradley Miller
4563,Alejandra Fernandez
4564,Brandon Cordova PhD
4565,Wendy Smith
4566,Casey Terrell
4567,Michael Serrano
4568,Kenneth Williams
4569,Erin Williams
4570,Virginia Mendez
4571,Cheryl Jackson
4572,Wyatt Rodriguez
4573,Lisa Fox
4574,Diane Brown
4575,Debbie Schneider
4576,Anne Obrien
4577,Amanda Phelps
4578,Melissa Patrick
4579,Jordan Carter
4580,Jennifer Roman
4581,William Parker
4582,David Hernandez
4583,Bobby Matthews
4584,Brian Cole
4585,Benjamin Townsend
4586,Lauren Higgins
4587,Bryan Newman
4588,Kristen Matthews
4589,Christine Kennedy
4590,Christopher Lee
4591,Andre Farrell
4592,Cody Jimenez
4593,Jennifer Fletcher
4594,Casey Murphy
4595,Jennifer Edwards
4596,Lacey Graves
4597,Richard Best
4598,John Mcneil
4599,Stephen Allen
4600,Tina Solomon
4601,Jennifer Townsend
4602,Michelle Mcbride
4603,Aaron Webb
4604,Kathryn Clark
4605,Matthew Doyle
4606,Kiara Preston
4607,Lisa Salazar MD
4608,Rebecca Gibson
4609,Kimberly Ryan
4610,Amanda Cook
4611,Mark Conner
4612,Shawn Hickman
4613,Lisa Hall
4614,Kevin Cole
4615,Matthew Williams
4616,Tanner King
4617,Joseph Williams
4618,Joann Sanders
4619,Tyler Lang
4620,Robert Payne
4621,Jonathan Cisneros
4622,Margaret Torres
4623,Amber Zhang
4624,Matthew Roberts
4625,David Hays
4626,Erin Gardner
4627,Michael Miller
4628,Theresa Smith
4629,Paul Scott
4630,Megan Perry
4631,Christina Martin
4632,Timothy Collins
4633,Kimberly Jones
4634,Dr. Sarah Smith
4635,Richard Bauer
4636,Traci Wilson
4637,Bryan Miranda
4638,Julie Martinez
4639,Diana Miller
4640,Heather Hughes
4641,Tony Swanson
4642,Lisa Montes
4643,Wendy Martin
4644,Joseph Norris
4645,William Todd
4646,Gerald Price
4647,Ashley Hunt
4648,Christy Lee
4649,Patricia Adkins
4650,Willie Perez
4651,Susan Snyder
4652,Jasmine Day
4653,Andrew Chavez
4654,Henry Huerta
4655,Mariah Perry
4656,Tracy Atkins
4657,Ryan Wheeler
4658,Audrey Taylor
4659,Zachary Swanson MD
4660,Amanda Conley
4661,Eric Short
4662,Scott Brown
4663,Victor Taylor
4664,James Hernandez
4665,Jason Jones
4666,Angela Parker
4667,Alexander Zavala
4668,Michael Kane
4669,Lindsey York
4670,Brandon Baker
4671,Stephen White
4672,Robert Hall
4673,Ryan Pierce
4674,Shannon Cain
4675,Laura Vaughn
4676,Juan Evans
4677,Nicole Williams
4678,Jennifer Barrett
4679,Anthony Jones
4680,Leah Rodriguez
4681,John Ward
4682,Deborah Garza
4683,Rebecca Miller
4684,Matthew Carroll
4685,Lynn Smith
4686,Michael Jackson
4687,Sharon Hicks
4688,Abigail Mills MD
4689,Paula Lopez
4690,Amy Clark
4691,Cheryl Rose
4692,Jared Garza
4693,Donna Wright
4694,Belinda Fisher
4695,Kathleen Levine
4696,Corey King
4697,Cody Davidson
4698,Michael Anderson
4699,Zachary Mcgee
4700,Melinda Anderson
4701,Tyler Andrews
4702,Michelle Greer
4703,Brian Clark
4704,Nathaniel Floyd
4705,Erika Jenkins
4706,Melanie Ramos
4707,Mark Clark
4708,Sergio Hodge
4709,Katherine Avery
4710,David Hamilton
4711,Richard Bass
4712,Kelly Harris
4713,Dustin Campbell
4714,Randy Kennedy
4715,Ana Gibson
4716,Danny Harris
4717,Sara Stuart
4718,John Kim
4719,Richard Brewer
4720,William Arnold
4721,Brianna Adams
4722,David Garcia
4723,Kelli Collins
4724,Arthur Krueger
4725,Steven King
4726,Tyler Velazquez
4727,Laura Middleton
4728,Lori Madden
4729,Tyler Murphy
4730,Kristen Bradley
4731,Corey Rodriguez
4732,Phillip King
4733,Laurie Fuller
4734,Toni Cunningham
4735,James Weber
4736,Erika Hodge
4737,Peter Patel
4738,Jeffrey Hart DDS
4739,Steven Hall
4740,Christine Gutierrez
4741,Angel Becker DVM
4742,Chad Rojas
4743,Brent Scott
4744,Jennifer Esparza
4745,Stacy Orozco
4746,Thomas Carr
4747,David George
4748,Teresa Allen
4749,Donald Jackson
4750,Monica Howe
4751,Willie Flynn PhD
4752,Jonathan Perez
4753,April Horton
4754,Nicole Hawkins
4755,Patrick Hooper
4756,Mary Lee
4757,Cynthia Williams
4758,Ronald Gonzalez
4759,Antonio Cole
4760,Amanda Swanson
4761,Holly Sherman
4762,Sandy Reynolds
4763,Sandra Moore
4764,Christopher Johnson
4765,Ryan Fisher
4766,Christopher Jones
4767,Jeffrey Lyons
4768,Miguel Reeves
4769,Kiara Santana
4770,Tonya Richards
4771,Jesse Poole
4772,Mary Lewis
4773,Christopher Copeland
4774,Ethan Obrien
4775,Rebecca Houston
4776,Edward Barton
4777,Brandon Perkins
4778,Beth Brown
4779,Kim Vincent
4780,Jennifer Banks
4781,Ruth Brown
4782,Shawn Lindsey
4783,Anthony Garrison
4784,Angela Ryan
4785,Joseph Davis
4786,Joshua Clayton
4787,John Massey
4788,Richard Hale
4789,Charles Ramos
4790,Mark Miller
4791,Julia Maldonado
4792,Gail Johnson MD
4793,Maurice Johnson
4794,Amanda Morris
4795,Rhonda Willis
4796,Connor Benton
4797,Richard Ryan
4798,Richard Goodman
4799,Michelle Mcneil
4800,Michael Norton
4801,Donna Carter
4802,Joshua Hernandez
4803,Kimberly Mitchell
4804,Patricia Hernandez
4805,Donna Howell
4806,James Williams
4807,Alexander Greene
4808,Dean Sanchez
4809,Glenn Ward
4810,Kendra Sullivan
4811,Cynthia Hernandez
4812,Darren Morris
4813,Holly Underwood
4814,Jaime Williams
4815,Lori Brown
4816,Jason Chase
4817,Lisa Buchanan
4818,Marcus Fields
4819,Tammy Lopez
4820,Derek Williams
4821,James Davenport
4822,Justin Moreno
4823,Mario Green
4824,Cassandra Fry
4825,Dr. Jose Gray DDS
4826,Amy Adams
4827,Austin Horton
4828,Elizabeth Jackson
4829,Maureen Cross
4830,Christopher Sanchez
4831,Mitchell Richardson
4832,Kelsey Lewis
4833,Richard Miller
4834,Samantha Carter
4835,Mrs. Heather Christensen
4836,Sharon Williams
4837,Daryl Lowe
4838,Michael Carter
4839,Susan Johnson
4840,James Jenkins
4841,Dylan Johnston
4842,Kathy Hull
4843,Monica Richardson
4844,Kathryn White
4845,Mrs. Valerie Owens
4846,Amy Watts
4847,Michael Brown
4848,Cynthia Hendricks
4849,Phillip Kelly
4850,Deanna Edwards
4851,Jennifer Walker
4852,Brian Davis
4853,Kelsey Griffith
4854,Kimberly Obrien
4855,Kevin Mccoy
4856,Daniel Sullivan
4857,Darius Khan
4858,Miranda Huber
4859,Lisa Wagner
4860,Erin Price
4861,Jonathan Russell
4862,Sharon Snow
4863,Cody Hoover
4864,Alyssa Rodriguez PhD
4865,Carl Harper
4866,Dana Bennett
4867,Michael Baker
4868,William Wilson
4869,Jennifer Smith
4870,Cindy Richardson
4871,Brandi Brown
4872,Benjamin Martinez
4873,Patricia Mitchell
4874,Courtney Sanders
4875,Ryan Willis
4876,Jennifer Jackson
4877,Teresa Obrien
4878,Angel Hayes
4879,Jason Davis
4880,Melissa Mathews
4881,Joseph Russell
4882,Sandra Mccoy
4883,Gail Vasquez
4884,Jeffrey Gibbs
4885,Michael Wilson
4886,Richard Smith
4887,Corey Mooney
4888,Christina Myers
4889,Anita Pitts
4890,Christian Bryant
4891,Patrick Garcia
4892,Daniel Merritt
4893,Robert Hicks
4894,Kenneth Washington
4895,Jessica Hoffman
4896,Lisa Riggs
4897,Donna Mccarty
4898,Eric Spencer
4899,Victoria Deleon
4900,David Roy
4901,Nancy Rice
4902,Daniel Brewer
4903,Becky Garcia
4904,Michael Smith
4905,Katie Kaiser
4906,Amy Roberts
4907,Taylor Espinoza
4908,David Aguirre
4909,Kyle Armstrong
4910,Jennifer Weber
4911,Sheila Douglas
4912,Maria Malone
4913,Megan Juarez
4914,Ann Boyd
4915,Richard Riley
4916,Laura Thomas
4917,Elizabeth Barton
4918,Laura Sparks
4919,Tiffany Zamora
4920,Ryan Roman
4921,Richard Parsons
4922,Justin Yu
4923,Marcus Johnson
4924,Brittney Bowman
4925,Jason Snow
4926,Carrie Lewis
4927,Wendy Perez
4928,Erika Bates
4929,Marie Roach
4930,Mary Hoffman
4931,Robert Mitchell
4932,Gregory Russell
4933,Vicki Barrera
4934,Jessica Johnson
4935,Rachel Sullivan
4936,Kimberly Thomas
4937,Anna Pierce
4938,Haley Mccoy
4939,Claire Hoffman
4940,Annette Rivas
4941,Pamela Aguirre
4942,George Bradshaw
4943,Ryan Waters
4944,Chase Matthews
4945,Sarah Nelson
4946,Sarah Wall
4947,Paul Smith
4948,Kayla Burke
4949,Jean Murillo
4950,William Hughes
4951,Brad Lee
4952,Samantha Morrow
4953,Tony Brooks
4954,Matthew Miller
4955,Angel Rojas
4956,Jason Thompson
4957,Christina Aguilar
4958,Jason Thomas
4959,Connie Ramirez
4960,Jon Ramos
4961,Christopher Klein
4962,Charles Powell
4963,Megan Carlson
4964,Justin Davis
4965,Molly Mckenzie
4966,Tammy Hendrix
4967,Tara Jones
4968,Alison Zuniga
4969,Deborah Waller
4970,Jesse Davis
4971,Timothy Howard
4972,Christina Moon
4973,John Ho
4974,Daniel Ferrell
4975,Megan Miller
4976,James Robinson
4977,Roger Petty
4978,John Payne
4979,Jamie Lee
4980,Steven Gardner
4981,Kevin Barber
4982,Kenneth Williams
4983,Elizabeth Williams
4984,Jessica Mitchell
4985,Jesse Fleming
4986,Jennifer Ferguson
4987,Susan Figueroa
4988,Mr. Thomas Jones PhD
4989,Sherry Shannon
4990,Samantha Garcia
4991,Joseph Beltran
4992,Joshua Navarro
4993,Nicholas Obrien II
4994,Ronald Baxter
4995,Sherri Charles
4996,Michael Flores
4997,Darryl Christensen
4998,Allison Floyd
4999,Michelle Patterson
5000,Wendy Chavez
