director_id,name
1,Jennifer Hurley
2,Jared Chan
3,Ricky Diaz
4,Joshua Miller
5,Catherine Soto
6,Christopher Gay
7,Mary Smith
8,William Giles
9,Jennifer Hernandez
10,Matthew Giles
11,Kenneth Murphy
12,Jesus Wheeler
13,Kevin Barton
14,Jeffrey Lynch
15,Joshua Smith
16,Steven Johnson
17,Andrew Jacobs
18,Mary Daniels
19,Linda Holt
20,Dorothy Anderson
21,Gail Moss
22,Lori Holland
23,Jesse Gardner
24,Robert Durham
25,Jessica Kelly
26,Steven Morales
27,Craig Hammond
28,Allison Gilbert
29,Richard Stuart
30,Mark Mcpherson
31,Joseph Cruz Jr.
32,Suzanne Wagner
33,Brittany Flowers
34,Kenneth Snyder
35,Rachel Patel
36,April Schneider
37,Rebecca Wood
38,Sonya Alvarado
39,Nicole Price
40,Evelyn Bryant
41,Michael Jackson
42,Casey Francis
43,Debra White
44,Julia Long
45,Ronald Carr
46,David Lynn
47,Nancy Bradford
48,Sandra Walker
49,Kimberly Valenzuela
50,Ashley Sullivan
51,Michael Moon
52,Philip Bowen
53,Cassandra Landry
54,Wayne Jackson
55,Connie Neal
56,Lawrence Parks
57,Scott Ayers
58,Michael Wood
59,Matthew Stone
60,Tiffany Hansen
61,Frank Freeman
62,Samantha Walker
63,Mark Wilson
64,Kayla Ray
65,Ashley Olson
66,Mr. Joseph Bush
67,Debra Johnson
68,Christine Parker
69,Jesse Murphy
70,Brian Daniel
71,Stephen Roth
72,Ryan Warren
73,Jeffery York
74,Tyler Baker
75,Melissa Schneider
76,Trevor Sparks
77,Hector Bryant
78,Theresa Martinez
79,Kaitlyn Brown
80,Bonnie Woods
81,Carlos Kirk
82,Selena Bailey
83,Chad Rivera
84,Rhonda Patterson
85,Frederick Mejia
86,Rebecca Cole
87,Edwin Jackson
88,George Rogers DDS
89,Kimberly Morgan
90,Tracey Hogan
91,Micheal Austin
92,Carl Rubio
93,Tracy Burnett
94,Gary Taylor
95,Sonya Williams
96,Jacqueline Hall
97,Crystal Mullen
98,Shawn Ware
99,Rebecca Oneill
100,Aaron Morgan
101,Damon Schultz
102,Catherine Garcia
103,Samuel Warren
104,Kevin Carney
105,Jonathan Jefferson DVM
106,Jerry Walsh
107,Travis Day
108,Aaron Diaz
109,Nancy Jackson
110,Daniel Benjamin
111,Renee Thompson
112,Rose Mclaughlin
113,Arthur Gonzalez
114,Ryan Smith
115,Brandon Bennett
116,Brandon Sanchez
117,Christopher Robbins
118,Alexander Martin
119,Joseph Miller
120,Richard Yoder
121,Frank Francis
122,Mark Webb
123,Scott Mcmahon
124,Luke Dixon
125,Mckenzie Chavez
126,Kristen Blair
127,Joshua White
128,Bryan Harrison
129,Michael Gonzalez
130,Monica Frost
131,Tracy Frye
132,Erika Thompson
133,Latasha Mendez
134,Sierra Moses
135,Rebecca Sandoval
136,Margaret Young
137,Cynthia Jackson
138,Michaela Sanchez
139,Stephanie Harris
140,Elizabeth Butler
141,Matthew Mclaughlin PhD
142,Robert Roberts
143,Laura Green
144,Robert Hampton
145,Molly White
146,Roger Valencia
147,Cody Thompson
148,Anthony Wright
149,Julie Rose
150,Mr. John Woodard MD
151,Kristin Herman
152,Chase Burnett
153,Annette Mcguire
154,Richard Roy
155,Carrie Ware
156,Julian Obrien
157,Stacey Stone
158,Laura Bailey
159,Patrick Bush
160,Jose Lopez
161,Jennifer Brown
162,Nicole Bright
163,Christina Ramirez
164,Thomas Brewer
165,Sarah Berry
166,Austin Conley
167,Daniel Luna
168,Sharon Johnson
169,Kenneth Maxwell
170,Laurie Bailey
171,Eric Woods
172,Nancy Lee
173,Christina Smith
174,John Clark
175,Anna Ponce
176,Anthony Hernandez
177,Daniel Wilson
178,Melody Stevens
179,Matthew Brown
180,Nichole Davis
181,James Anderson
182,Bryan Griffith
183,Nathan Stanley
184,Olivia Randolph
185,Marcus Blair
186,Kenneth Reynolds
187,Joshua Guerrero
188,Shawn Shepherd
189,Ashley Duran
190,Brian Mitchell
191,Melanie Garrett
192,George Smith
193,Vicki Hernandez
194,Carl Larsen
195,Mercedes Richardson
196,Mikayla Franco
197,Patrick Rios
198,Cindy Estrada
199,Bethany Neal
200,Alan Davis DVM
201,Donald Coleman
202,Gabriel Richardson
203,Thomas Lewis
204,Todd Beasley
205,Allison Branch
206,Jenny Cox
207,David Simpson
208,Kyle Brown
209,Tracey Reynolds
210,Alison Perez
211,Douglas Santos
212,Grace Green
213,Samantha Cohen
214,Courtney Page
215,David Martinez
216,Susan Sullivan
217,Thomas Bowman MD
218,Elizabeth Brown
219,Michael Bolton
220,Jeffery Thompson
221,John Rodriguez
222,Danielle Hamilton
223,Justin Hammond
224,Kayla Williams
225,Thomas Sparks
226,Ashlee Ross
227,Ann Martin
228,Kimberly Black
229,Meagan West
230,Andre Cortez
231,Michele Ford
232,Andrew Chavez
233,Joel Perez
234,Anthony Berg
235,Joseph Hill
236,Robert Thompson
237,Allison Cunningham
238,Joseph Rice
239,Jeffery Jordan
240,Allen Martinez
241,Cristian Lambert
242,Christina Powell
243,Tamara Gonzales
244,Jeffrey Long
245,Angela Richards
246,Sandra Lyons
247,Andrew Whitney
248,Jeffery Collins
249,Kevin Fischer
250,Amber Chapman
251,Becky King
252,Matthew Richards
253,Teresa Jones
254,Nicole Hodge
255,Debra Smith
256,Zachary Jones
257,Amanda Bishop
258,Rhonda Evans
259,Samantha Noble
260,Larry Fritz
261,Maria Gonzalez
262,Melinda Cervantes
263,Justin Carter
264,James Garcia
265,Dustin Williams
266,Derek Hall
267,Frank White
268,Tracy Santiago
269,Lauren Barr
270,Jill Smith DDS
271,Carmen Jordan
272,Mary Johnson DDS
273,Sally Fernandez
274,Brandon Brown
275,Maurice Johnson
276,Lori Davis
277,Taylor Acevedo
278,Cynthia Cohen
279,Laura Larson
280,Penny West
281,Brian Daugherty
282,Monica Medina
283,Tracey Reilly
284,Robin York
285,Tanya Shannon
286,Charles Chang
287,Spencer Kelly
288,Tammy Duncan
289,Jonathon Kim
290,Christopher Cain
291,Anthony Wells
292,Brandon Kirby
293,Jamie Miller
294,Anna Wong
295,Christopher Macdonald
296,Leslie Moody
297,Jessica Mckee
298,Nicholas Myers
299,Meagan Charles
300,Amber Williams
301,Micheal Green
302,Rachel Henderson
303,Andrew Lam
304,Cassandra Mitchell
305,Melissa Grant
306,James Rodriguez
307,Lauren Trevino
308,Margaret White
309,Stacey Howe
310,Diane Bishop
311,David Baker
312,Allison Chavez
313,Austin Smith
314,Ashley Thomas
315,Mrs. Olivia Petersen
316,Joshua Martinez
317,Laura Clarke
318,Joseph Patel
319,Lisa Beard
320,David Mendoza
321,Nicole Wallace DDS
322,Marcus Brown
323,Daniel Gallegos
324,Nicole Hardy
325,Pedro Greene
326,Yvette Marks
327,Ashley Lewis
328,Stephanie Peterson
329,Mrs. Dawn Hawkins
330,Gary Greer
331,Christopher Knox
332,Eric Thomas
333,Brent Stewart
334,Corey Roberts
335,Keith Morales
336,Perry Washington
337,Nicole Barton
338,David Medina
339,Lydia Payne
340,Monica Cline
341,Juan Davis
342,Devin Black
343,Rachel Franco DDS
344,Lori Valentine
345,Lisa Ryan
346,Danielle Hester
347,Luke Alexander
348,Jane Edwards
349,Ann Peterson
350,Erik Keller
351,Louis Bowen
352,Amy Mcdaniel
353,Isaiah Terry
354,Michael Bell
355,Blake Vega
356,Ronnie Medina
357,Rhonda Clark
358,Jason Fletcher
359,Jose Green
360,Anthony Washington
361,Kristopher Curtis
362,Chad Moreno
363,Cassidy Carter
364,James Grimes
365,Natalie Hawkins
366,Jonathan Williams
367,Deborah Smith
368,Emily Henderson
369,Peter Morgan
370,Laura Patton
371,Francis Walker
372,Renee Johnson
373,Scott Wood
374,Sherri Logan
375,Cathy Barnes
376,Amy Sanders
377,Lee Perez
378,Michael Leonard
379,Cody Thompson
380,Victor Yates
381,Stanley Benson
382,James Gallagher
383,Jeanette Garcia
384,Michael Garcia
385,William Gordon
386,Kim Holmes
387,Anthony Hodges
388,Alexis Wells
389,Jennifer Dawson
390,Bethany Baxter MD
391,Teresa Wallace
392,Alexis Pham
393,Zachary Ortiz
394,Christopher Burnett
395,Nicholas Calhoun
396,Joseph Perez
397,Karen Perez
398,Kevin Cruz
399,Amber Spencer
400,Madison Richardson
401,Jose Collins
402,Justin Potter
403,Sherry Cox
404,Tiffany Williams
405,Jessica Torres
406,Matthew Morgan
407,Craig Beard
408,Tony Moore
409,Jillian Carrillo
410,Nancy Rowland
411,Lisa Ochoa
412,Jeffrey Ayala
413,Dana Carter
414,Natalie Burns
415,Sean Peters
416,Christopher Jones
417,Miguel Pena
418,Ryan Lawson
419,David Williams
420,Mark Johnson
421,Rebecca Perez
422,Kathryn Thomas
423,Crystal Abbott
424,Alexandra Hodge
425,Rachel Yang
426,Michelle Sanders
427,Dustin Stein
428,Haley Jackson
429,Thomas Moses
430,Jeffrey Petersen
431,Joseph Ward
432,Lance Robinson
433,Kristen Smith
434,Nicole Mcbride
435,Daisy Larson
436,Jesus Shaw
437,Shelly Moss
438,Laura Coleman
439,Kayla Moore
440,Melissa Brown
441,Emily Riley MD
442,Donald Cole
443,James Johnson
444,Nicholas George
445,Jane King
446,Tanner Decker
447,Leslie Martin
448,Keith Garcia
449,Victoria Keller
450,Mr. Robert Acevedo MD
451,Ms. Kayla Williams
452,Tammy Jackson
453,Robert Smith
454,Stephen Smith
455,Jasmin Hamilton
456,Thomas Romero
457,Megan Grant
458,Karen Hughes
459,Bradley Phillips
460,Robert Roberts
461,Cynthia Tran
462,Marie Davidson
463,Jordan Williams
464,Mr. Paul Chase
465,Chloe Parker
466,Leah Collier
467,Amanda Gonzalez
468,Alice Conley
469,Clarence Wood
470,Terri Cisneros
471,Jessica Jones
472,Michael Graham
473,Mary Henderson
474,Adam Holland
475,Elizabeth Miller
476,Ryan Kaiser
477,Douglas Morton
478,Ashlee Mendez
479,Leslie Barton
480,Joseph Smith
481,Paige Jordan
482,Elizabeth Taylor
483,Latoya Howell
484,Lawrence Glover
485,Kimberly Grant
486,Madison Wilson
487,Melanie Davidson
488,Angel Johnson
489,Jessica Cox
490,Laura Mosley
491,Kurt Martinez
492,Brandi Ibarra
493,Heather Sweeney
494,Laura Guerra
495,Adrian Levine
496,Abigail Acevedo
497,Isabella Taylor
498,Joel Rogers
499,Tyler Murray
500,Michael Lambert
501,Edward Guzman
502,Anne Chambers
503,Kristen Ramirez
504,Leslie Case
505,Christopher Thomas
506,Felicia Matthews
507,Robert Keith
508,Deborah Simon
509,Carlos Morrow
510,Edward Tucker
511,Emma Chan
512,Ryan Thomas
513,Holly Rivas
514,Alicia Navarro
515,James Schaefer
516,Jennifer Sampson
517,Daniel Taylor
518,Julie Thompson
519,Justin Murphy
520,Rachel Smith
521,Joseph Dougherty
522,Catherine Barker
523,Cynthia Taylor
524,James Peck
525,Rebecca Brooks
526,Mr. Gregory Hart
527,Tiffany Davis
528,Vanessa Bishop
529,Stacey Rodriguez
530,Angelica Lopez
531,Spencer Manning
532,Robert Bauer
533,Keith Gonzalez
534,Benjamin Jordan
535,Adrian Krueger
536,Michael Travis
537,Jonathan Glover
538,Erin Carter
539,Brenda Bradley
540,Kevin Berry
541,Jennifer Anderson
542,Tyler Miranda
543,Nicholas Chung
544,Kayla Thomas
545,Robert Shepherd
546,Steven Swanson
547,David Williams
548,Justin Bishop
549,Clifford Mcdonald
550,Wesley Bowers
551,Jessica Warren
552,Dana Savage
553,Joseph Sullivan
554,Joshua Williams
555,Cory Kelley
556,Whitney Macdonald DVM
557,Kimberly Ponce
558,Darren Morse
559,Lydia Horn
560,Chad Williams
561,Jeremy Wallace
562,Anthony Ward
563,Heather Diaz
564,Daniel White
565,Linda Fernandez
566,Ralph Rodriguez
567,Michael Cross DDS
568,Stacy Garcia
569,Brett Maxwell
570,Anna Andersen
571,Gary Phillips
572,Melanie Brown
573,Carol Johnson
574,Jacqueline Hall
575,Tara Hale
576,Christopher Smith
577,Chad Kim
578,Riley Knight
579,Amy Moore
580,Robert Ellison
581,Brian Lewis
582,Catherine Johns
583,Mary Parks
584,Mark Williamson
585,Douglas Blanchard
586,Phillip Padilla PhD
587,Juan Galvan
588,Leslie Diaz
589,David Potter
590,Adam Long
591,Lisa Booker
592,Alexandria Vaughn
593,April Bailey
594,Sherry Patterson
595,Melissa Wolf
596,Joshua Sims
597,Tina Mooney
598,Luis Mcclain
599,Heather Wolf
600,James Bradley
601,Isaiah Jones
602,Victor Hudson
603,Maria Sanders
604,Thomas Holloway
605,Joshua Love
606,Andrew Dominguez
607,John Adams
608,Michelle Huber
609,Laura Roberts
610,Tracey Brooks
611,Aaron Henry
612,Ryan Moore
613,Daniel Chen
614,Angel Lewis
615,David Nolan
616,Brian Medina
617,Antonio Lopez
618,Michaela Hernandez
619,Elizabeth Chase
620,Omar Johnson
621,Steven Fisher
622,Heather Smith
623,Kimberly Mcintyre
624,Dana Hernandez
625,Anita Long
626,Chad Pennington
627,Michael Rosario
628,Joyce Webster
629,Kristie Hendrix MD
630,Shannon Miller
631,Linda Henderson
632,Anthony Ashley
633,Michael Khan
634,Stacey Thomas
635,Joseph Jones
636,John Johnson
637,April Wallace
638,Gregory Martin
639,Krista White
640,Tyler Garcia
641,Molly Jackson
642,Thomas Floyd
643,Susan Sharp
644,Krystal Hamilton
645,Kathy Lewis
646,Joshua Miller
647,Emily Brady
648,Julie Padilla
649,Justin Williams
650,Willie Morgan
651,Joseph Stokes
652,Cindy Kelley
653,Tommy Romero
654,Stephanie Lara
655,Tyrone Collins
656,Brendan Palmer
657,Paul Martin
658,Juan Gilbert
659,Lori Roberson
660,Matthew Moore
661,Donald Freeman
662,Daniel Anderson
663,Kelly Rodriguez
664,Troy Ward
665,Christina Smith
666,Mark Smith
667,Daniel Williams
668,Melissa Robinson
669,Mitchell Jimenez
670,Bethany Liu
671,Mitchell Williams
672,Bianca Davis
673,Anthony King
674,Michael Summers
675,Ricky Hall
676,Joyce Kelly
677,Anne Medina
678,Benjamin Johnson
679,Kyle Perry
680,Melissa Newton
681,James Franklin
682,Caitlin Curry
683,Barbara Glover
684,Ryan Harmon
685,Andrea Hughes
686,Keith Solis
687,Bryan Tucker
688,Holly Grant
689,Ryan Skinner
690,Julia Mullins
691,Janet Graves
692,Angela Hunt
693,Isaiah Turner
694,Phillip Scott
695,Jessica Reynolds
696,Melinda Jacobs
697,Danny Butler
698,Matthew Bennett
699,Carl Jackson
700,Stephen Wilson
701,Charles Robinson
702,Chad Poole
703,Matthew Dominguez
704,Christian Shelton
705,Makayla Friedman
706,Katherine Downs
707,Lisa Singh
708,Brittany Allen
709,Robert Miller
710,Melanie Baker
711,Gerald Allen
712,Vincent Hays
713,Valerie Lopez
714,Anthony Schmidt
715,Dean Harris
716,Rhonda Allen
717,Ruben Charles
718,Jennifer Brooks
719,Jacqueline Owens
720,Sydney Elliott
721,Gary Chavez
722,Stephanie Salinas
723,Raymond Valenzuela
724,Theresa Ward
725,Jacob Kennedy
726,Jenna Velazquez
727,Kathryn Rivers
728,Daniel Ramirez
729,Greg Wood
730,Susan Armstrong
731,Taylor Stark
732,Brandon Peterson
733,Linda Morris
734,Laura Sanders
735,Catherine Castaneda
736,Jesse Pollard
737,Jacob Love
738,Mrs. Janice Fitzpatrick
739,Zachary Mckay
740,Lauren Wright
741,Teresa Velasquez
742,Eugene Parker
743,Amy Knight
744,Randy Perez
745,Melanie Smith
746,Melissa Martinez
747,Samantha Gillespie
748,Bryan Richardson
749,Anna Cantu
750,Christopher Cox
751,Diana Kemp
752,Taylor Salinas
753,Ryan Santos
754,Amber Crawford
755,Carla Wong
756,Allison Rice
757,Sheri Hoover
758,Jeremy Chavez
759,Jennifer Nguyen
760,John Rodriguez
761,Maria Williams
762,Melody Ochoa
763,Tara Brown
764,Holly Banks
765,Amber Johnson
766,Scott Thompson
767,Eric Flores
768,Theresa Wilson
769,Eric Ponce
770,Becky Sellers
771,Kendra Burton
772,Wyatt Kerr
773,Craig Dean
774,Christian Rowe
775,Nathan Burke
776,Nicholas Chase
777,Hailey Ball
778,Heather Barry
779,Cindy Young
780,Mark Townsend
781,Michael Lee
782,Lisa Smith
783,John Steele
784,Sandra Casey
785,Darrell Simmons
786,Valerie Harrison
787,Anthony Cherry
788,Cody Lawson
789,Barbara Wagner
790,Scott James
791,John Moore
792,Matthew Farley
793,Mrs. Tonya Byrd
794,Catherine Davis
795,Mary Wilkinson
796,Michael Baker
797,Peggy Mendoza
798,Paul Anderson
799,Wayne Robinson
800,Brittany Farley
801,Katie Walters
802,Dorothy Osborn
803,William Hodge
804,Michelle Ortega
805,Shannon White
806,Jennifer Bennett
807,Lisa Kaiser
808,Matthew Mccullough
809,Steven Tyler
810,Robert Jones
811,Kim Nelson
812,Katherine Garcia
813,John Stewart
814,Tiffany Barton
815,Erica Smith
816,Colleen Cruz
817,Anthony Mueller
818,Crystal Clayton
819,Jacob Brown
820,Rachel Williams
821,Keith Lloyd
822,Mary Richardson
823,Nathan Jones
824,Tamara Peterson
825,Alan Mahoney
826,Nathan Vargas
827,Frank Payne
828,Cody Woods
829,Chad King
830,Christopher Smith
831,Marissa Davis
832,Ann Parker
833,Laura Walton
834,Travis Powell
835,Maria Sullivan
836,Kelly Lewis
837,John Webb
838,Lance Townsend
839,Matthew Leonard
840,Tyler Dominguez
841,Kimberly Alvarez
842,Heather Pittman
843,Teresa Cohen
844,Melissa Parker
845,Brandon Carrillo
846,Colin Mckay
847,Rachel Walsh
848,Caleb Williams
849,Benjamin Wilkinson
850,Katelyn Gray
851,Kristine Bryant DVM
852,Michael Smith
853,Justin Foster
854,Maurice Graham
855,Kenneth Watkins
856,Stacey Davis
857,Janice Bailey
858,Amanda Hodge
859,Jason Gomez
860,Julie Johnson
861,Vanessa Cunningham
862,Tonya Alexander
863,Mark Santos
864,Michael Walker
865,Michael Watkins
866,Cassidy Bailey
867,Christopher Gutierrez
868,Elijah Archer
869,Lisa Hendricks
870,Kristin Hudson
871,James Livingston
872,Jeffrey Evans
873,Dennis Santana
874,Nichole Parker
875,Benjamin Mosley
876,Jennifer Reilly
877,Nicole Sanchez
878,Shannon Hill
879,Darrell Ibarra
880,Deborah Fox
881,Mary Hoffman
882,Anthony Murphy
883,Larry Woods
884,Virginia Caldwell
885,Patricia Boyd
886,Debra Wright
887,Adam Shannon
888,Betty Vazquez
889,John Williams
890,Steven Stone
891,Mark Mueller
892,John Richards
893,Beth Sanchez
894,Donald Reynolds
895,Timothy Hernandez
896,Lacey Morrow
897,Omar Kelly
898,Brian Gross
899,Scott Lin
900,Linda Lee
901,Lori Franco
902,Kristi Jordan
903,Tammy Lynch
904,Debbie Ward
905,David Murphy
906,Bradley Walker
907,Jacqueline Dyer
908,Clifford Poole
909,Michael Taylor
910,Chloe Ellis
911,Jason Douglas
912,David Hayes
913,Kathy Steele
914,Jennifer Underwood
915,Amanda Moody
916,Marilyn Page DVM
917,Diana Mullins
918,Brittany Ballard
919,Matthew Freeman
920,Amy Baker
921,Elizabeth Skinner MD
922,Riley Davenport
923,Carla Briggs
924,Diana Myers
925,Paul Blair
926,Olivia Gonzalez
927,Xavier Hanson
928,Chad Taylor
929,William Lewis
930,Crystal Robinson
931,John Jones
932,Meagan Patterson
933,Timothy Smith
934,Brenda Mendoza
935,Nicole Edwards
936,Amy Ramirez
937,Anthony David
938,David Perkins
939,Rose Jackson
940,Devin Hardin
941,Amber Fernandez
942,Travis Marsh
943,Rebecca Lowery
944,Jesse Martin
945,Robert Carter
946,Amy Olsen
947,Sydney Green
948,Julia Parsons
949,Thomas May
950,Erica Green
951,Richard Burke
952,Tammy Williams
953,Joshua Herrera
954,Brittany Byrd
955,Gina Brennan
956,Christopher George
957,Lauren Watts
958,Peter Campbell
959,Jonathon Stevenson
960,Karla Burton
961,Randy Jones
962,Carlos Miller
963,Joseph Church
964,Michael Haas
965,Renee Newton
966,Thomas Daugherty
967,Scott Roy
968,Mr. Robert Cantu
969,Heather Matthews
970,Darlene Kelly
971,Nancy Merritt
972,Brian Thompson
973,Theresa Goodman
974,Justin White
975,Scott Hernandez
976,Christopher Shelton
977,Debbie Koch
978,Tyler Stout
979,April Ryan
980,William Phillips
981,Taylor Smith
982,Kelly Romero
983,Erin Nelson
984,Christopher Dalton
985,Jamie Romero
986,Logan Golden
987,Michael Crawford
988,Stephanie Sanders
989,Christine Meza
990,Emily Hall
991,Thomas Wells
992,Caitlin Howard
993,Jason Blackwell
994,Bradley Pacheco
995,Matthew Armstrong
996,Brittany Mitchell
997,Thomas Friedman
998,Colleen Hernandez
999,Peter Haynes
1000,Jeffrey Ford
1001,Brittany Ortiz
1002,Miranda Beck
1003,Amanda Bennett
1004,David Robertson
1005,Kristen Davis
1006,Brian Pena
1007,Amanda Nelson
1008,Sarah Bush
1009,Robert Miller
1010,Anna Poole
1011,Jacqueline Phillips
1012,Sophia Dawson
1013,Sheila Stephens
1014,Wendy Evans
1015,Phillip Rodriguez
1016,Justin Brown
1017,Eric Anderson
1018,April Norton
1019,Timothy Sexton
1020,Mr. John Decker MD
1021,Tina Little
1022,Seth Curry
1023,Barbara Graham
1024,Edward White
1025,Michelle Graham
1026,Benjamin White
1027,Austin Mitchell
1028,Kim Flynn
1029,Nicholas Pace
1030,Laura Atkins
1031,Ann Huffman
1032,Roger Sullivan
1033,Vanessa Ramirez
1034,Anne Martin
1035,Ashley Dunn
1036,Shaun Henderson
1037,Michael Jackson
1038,Aaron Mayer
1039,Kimberly Lee
1040,Shane Smith
1041,Erin White
1042,Joseph Young
1043,Taylor Tran
1044,Jason Patrick
1045,Richard Saunders
1046,Jerry Ferguson
1047,Rodney Avila
1048,Shannon Thompson
1049,Stacy Macias
1050,Stephanie Nunez
1051,Christina Olsen
1052,Paul Wagner
1053,Sophia Richmond
1054,Nicole Tate
1055,Jesse Wright
1056,Traci Rodriguez
1057,Cheryl Beck
1058,Christina Perez
1059,Annette Fernandez
1060,Tricia Bailey
1061,Omar Chandler
1062,John Erickson
1063,Teresa Smith
1064,Karen Cruz
1065,Jenny Soto
1066,Kevin Smith
1067,Kimberly Garcia
1068,Deborah Townsend
1069,Julie Wallace
1070,Joe Gordon
1071,Wayne Barnes
1072,Maria Weaver
1073,Matthew Thompson
1074,Wanda Short
1075,James Richardson
1076,Jennifer Cruz
1077,Sergio Andrews
1078,Franklin Harris
1079,Leslie Vance
1080,Gabriel Guzman
1081,Lori Smith
1082,Edward Taylor
1083,Alison Adams
1084,Phillip Jenkins
1085,Yolanda Brown
1086,Malik Washington
1087,Kristen Larson
1088,Michael Scott
1089,Luke Duncan
1090,Bernard Hicks
1091,Rebecca Boone
1092,Joel Roberts
1093,Tony Cooper
1094,Kevin Stokes
1095,James Frank
1096,Deborah Stewart
1097,Carol Bowman
1098,Sheri Murphy
1099,Russell Downs
1100,Charles Ellis
1101,Dylan Guzman
1102,Ryan White
1103,Dawn Meyer
1104,April Wiley
1105,Cheryl Wade
1106,John Estrada
1107,Cynthia Larson
1108,Roy Paul
1109,Gregory Joyce
1110,Chase Choi
1111,Suzanne Williams
1112,Michael Cortez
1113,Jennifer Vargas
1114,Linda Newman
1115,Walter Howard
1116,Justin Saunders
1117,Jeffrey Weaver
1118,Wanda Reynolds
1119,Kathryn Castillo
1120,Alicia Wilson
1121,Jason Day
1122,Brian Christensen
1123,Stephen Martinez
1124,Thomas Turner
1125,Bonnie Larson
1126,John Ortega
1127,Kristin Hickman
1128,Jacqueline Turner
1129,Charles Strickland
1130,Thomas Carr
1131,John Stewart
1132,Christopher Mcmillan
1133,Lee Rivera
1134,Mark Keller
1135,Allen Porter
1136,Mr. Joshua Cohen
1137,Kyle Burke
1138,Brent Holloway
1139,Danny Smith
1140,Tracy Roberts
1141,Colleen Martin
1142,Stephanie Brown
1143,Jennifer Barrett
1144,Tara Jones
1145,Kaitlyn Leblanc
1146,Madeline Ford
1147,Raymond Herrera
1148,Danielle Reed
1149,Michael Spencer
1150,Kevin Torres
1151,Hannah Marquez
1152,Jared Madden
1153,Jacob Miller
1154,George Williams
1155,Amber Parker
1156,Jerome Parker
1157,Phillip Fowler
1158,Charles Gonzales
1159,Natalie Oconnor
1160,Richard Murray
1161,Eric Shaffer
1162,Christina Roberts
1163,Christina Cook
1164,Joseph Walker Jr.
1165,Bradley Cobb
1166,Cynthia Newman
1167,Veronica Simmons
1168,John Nichols
1169,Thomas Jones
1170,Karen Alvarez
1171,Ronald Graham
1172,Arthur White
1173,Eric Murphy
1174,Tammy Daniel
1175,Dr. Jose Garcia
1176,Ashley Coleman
1177,Eduardo Booth
1178,Nicholas Ramos MD
1179,Robert Chapman
1180,Eric Clark
1181,Kevin Johnston
1182,Lori Jordan
1183,Gloria Lynch
1184,Rachel Norris
1185,Joseph Spencer
1186,Kenneth Schmidt
1187,Timothy Fletcher
1188,Michael Fernandez
1189,Joseph Conway
1190,Edward Hill
1191,Paula Evans
1192,Stephanie Santiago
1193,Lauren Kim
1194,Sherri Colon
1195,Erin Mckinney
1196,Joseph Dougherty
1197,Sarah Williams
1198,Jeremy Silva
1199,Lisa Prince
1200,Sara Wilkins
1201,Joshua Fowler
1202,Jodi Miller
1203,Garrett Carpenter
1204,Vincent Schaefer
1205,Rachel Norton
1206,Jon Russo
1207,Jeanne Mills
1208,Nicholas Little
1209,Jonathan Walton
1210,Ashley Miller
1211,William Vasquez
1212,Denise Hendricks
1213,Stacy Johnson
1214,Mary Delacruz
1215,Laura Singleton
1216,Jill Ray
1217,Charles Hensley
1218,Lauren Walker
1219,Ann Calderon
1220,Jonathan Potter
1221,Julie Curry
1222,Maureen Lee
1223,Alicia Garner
1224,David Silva
1225,Tyler Patel
1226,Victoria Parker
1227,Emily Martinez
1228,Amanda Brown
1229,Samantha Salinas
1230,Michelle Williams
1231,Shawn Evans
1232,Christine Jones
1233,Michael Buchanan
1234,James Morales DVM
1235,Michael Hicks
1236,Laura Clark
1237,Luke Bush
1238,Kimberly Cantrell
1239,Sarah Jordan
1240,Tyler Cole
1241,Matthew Valencia
1242,Cynthia Freeman
1243,Gregory Wiley
1244,Dylan Long
1245,Amanda Anderson
1246,Cynthia Tucker
1247,Scott Stephens
1248,Ralph Gray
1249,Thomas Phillips
1250,Jamie Scott
1251,Michael Gutierrez
1252,Brian Kidd
1253,Travis Walters
1254,Joseph Meyers
1255,Jennifer Baker
1256,Tracey Johnson
1257,Kimberly Taylor
1258,Alejandra Thomas
1259,Jay Peck
1260,Ashley Schultz
1261,Jody Rice
1262,Leslie Bauer
1263,Laura Andrews
1264,Jon Green
1265,Sylvia Dalton
1266,Melissa Smith
1267,Jonathan Gallagher
1268,Louis Gibson
1269,Francisco Woodward
1270,Michael Guerra
1271,Kimberly Orozco
1272,John Chavez
1273,Alison Faulkner
1274,Toni Galloway
1275,Nina Combs
1276,Patricia Cannon
1277,Eric Clark
1278,Kelly Brown
1279,Joshua Ramos DDS
1280,Courtney Young
1281,Philip Cole
1282,Anna Love
1283,Lisa Rodriguez
1284,Cheryl Petersen
1285,Tracy Lopez
1286,Casey Baker
1287,Andrew Green
1288,Carolyn Kane
1289,Lisa Ramsey
1290,Joel Smith
1291,Andrea Brown
1292,Melissa Combs
1293,Karl Moore
1294,Richard Larsen
1295,Amy Webb
1296,Annette Walters
1297,Paul Stephens
1298,Kevin Moss
1299,Patrick Bird
1300,Laura Harris
1301,Blake Crawford
1302,Charles Roberts
1303,Steve Brewer
1304,Jason Rodriguez
1305,Amber Lee
1306,Jeffrey Watts
1307,John Hernandez
1308,Michael Jackson
1309,Brittany Johnson
1310,Peggy Young
1311,Jennifer Taylor
1312,Christina Mullen
1313,Alexandra Marshall
1314,Amanda Davis
1315,Gavin Yates
1316,Allison Murray
1317,Ann Goodwin
1318,Jerry Martin
1319,Joshua James
1320,Jordan Wilkerson
1321,Kathleen Lopez
1322,Rodney Stewart
1323,Patricia Paul
1324,Yvonne Rodriguez
1325,Robert Brandt
1326,Aaron Scott
1327,Anthony Good
1328,Olivia Carter
1329,Stephanie White
1330,Matthew Smith
1331,Daniel Matthews
1332,Brenda Oconnor
1333,Monica Aguilar
1334,Rodney Salinas
1335,Christopher Jensen
1336,Clayton May
1337,Brandon Leblanc
1338,Blake Owens
1339,Michelle Johnson
1340,Brandi Gould
1341,Heather Fernandez
1342,Andrew Rodriguez
1343,Ashley Friedman
1344,Tammy Davis
1345,Kimberly Sullivan
1346,Donna Obrien
1347,Jennifer Mendoza
1348,Shawn Hooper
1349,Beth Ford
1350,Dr. Kathryn Adams DDS
1351,Paul Gonzales
1352,Vanessa Davila
1353,Andrew Carter
1354,Bianca Kim
1355,Jamie Mclaughlin
1356,Taylor Mack
1357,Christina Franklin
1358,Bethany Gonzalez
1359,David Fernandez
1360,Debra Blackburn
1361,Christopher Walker
1362,Jennifer Hill
1363,Miguel Smith
1364,Christopher Paul
1365,Todd Hernandez Jr.
1366,April Clark
1367,Antonio Smith
1368,Danielle Carter
1369,Jennifer Allen
1370,Aaron Black
1371,Paula Kidd
1372,Bryan Yates
1373,Troy Jefferson
1374,Paul Burton
1375,Brenda Simpson
1376,Natalie Perkins
1377,Patricia Acosta
1378,Lisa Price
1379,Morgan Evans
1380,Tiffany Bender DVM
1381,Karen Scott
1382,Anthony Morse
1383,Valerie Robertson
1384,Danielle Wilson
1385,Ruben Benton
1386,Brendan Khan
1387,Matthew Peters
1388,David Mason
1389,Tonya Parker
1390,Chelsea Green
1391,Alexandria Cox
1392,David Gutierrez
1393,Frank Harding
1394,Danielle Perkins
1395,Sharon Reynolds
1396,Anthony Brown
1397,Stanley Le
1398,Michelle Ryan
1399,Jonathon Knapp
1400,Kayla Carlson
1401,Tracy Hernandez
1402,Brenda Schmidt
1403,Andrea Baker
1404,Chad Perez
1405,Mandy Lee
1406,Trevor Walker
1407,Alicia Phillips MD
1408,Raymond Clements
1409,Evelyn Dunn
1410,Teresa Fuller
1411,Vanessa Reed
1412,Max Mcclain
1413,Andres Marshall
1414,Anthony Simmons
1415,Bradley Hoffman
1416,Judy Johnson
1417,Nichole Thompson
1418,Mrs. Nancy Schaefer
1419,Gregory Martinez
1420,Deborah Patel
1421,Jonathan Jordan
1422,Courtney Briggs
1423,Susan Molina
1424,Nicholas Arellano
1425,Christopher Thomas
1426,William Christian
1427,Roger Johnson
1428,Faith Smith
1429,Dr. Mario Harris DDS
1430,Chase Young MD
1431,John Ortiz
1432,Todd Sherman
1433,Beth Ellis
1434,Jennifer Hatfield
1435,Sarah Padilla
1436,Gregory Hale
1437,Christian Anderson
1438,Dr. Lisa Ramos
1439,Dr. Jessica Chase MD
1440,Kara Gallegos
1441,Laura Fowler
1442,Andrew Proctor
1443,Jordan Mason
1444,Mr. Charles Young
1445,Robin Parker
1446,Jason Stevenson
1447,Christian Rodriguez
1448,Richard Reynolds
1449,Oscar Kelly
1450,Kenneth Jackson
1451,Mary Hill
1452,Robert Miranda
1453,Michael Snyder
1454,Joshua Schmidt
1455,Aaron Barnett
1456,Darin Byrd
1457,Kathryn Shields
1458,Misty Rice
1459,Robert Herrera
1460,Jennifer Cline MD
1461,Rose Kaiser
1462,Christopher Humphrey
1463,Matthew Ramirez
1464,Charlotte Roy
1465,James Collins
1466,Kelsey Smith
1467,Kathleen Garcia
1468,Shelia Cruz
1469,Mrs. Amy Hale
1470,Jeremy Clayton
1471,Susan Williams
1472,Donald Mays
1473,Thomas Wells
1474,Brian Vaughn
1475,Leah Owens
1476,Jennifer Norman
1477,Mark Hughes
1478,Paige Case
1479,Lisa Potter
1480,Jordan Garcia
1481,Sarah Fields
1482,Erin Diaz
1483,Bryan Harris
1484,Danny Moreno
1485,Alison Livingston
1486,Megan Hood
1487,April Taylor
1488,Philip Espinoza
1489,Tony Rodriguez
1490,Michael Rodriguez
1491,Vanessa Moore
1492,Megan Koch
1493,Victoria King
1494,Bryan Gonzalez MD
1495,Jermaine Barnes
1496,Stephanie Smith
1497,Kimberly Nunez
1498,Holly Bell
1499,Kathryn Smith
1500,Maureen Carter
1501,Brandy Walter
1502,Carla Holloway
1503,Andrew Holder
1504,Pamela Arnold
1505,Debbie Estrada
1506,Robert Fleming
1507,Jeffrey Vaughn
1508,Samuel Rocha
1509,Paul Rich
1510,Frank Fitzgerald
1511,Stephanie Colon
1512,Aaron Pennington
1513,Jack Krause
1514,Mariah Wang
1515,Brooke Allison
1516,Melissa Harvey
1517,Laura Roberts
1518,Kathy Robinson
1519,Thomas Rodgers
1520,Rhonda Cervantes
1521,Darryl Hernandez
1522,Benjamin Alvarez
1523,Robert Pierce
1524,Earl Marquez
1525,Michael Walls
1526,Crystal Pierce
1527,Gabriel Wilkins
1528,Desiree Jimenez
1529,Wyatt Henry
1530,Lauren Coleman
1531,Erica Wright
1532,Patrick Rocha
1533,Joshua Jones
1534,Johnathan Aguirre
1535,Kevin Hubbard
1536,Mr. Jack Moore PhD
1537,Pamela Burnett
1538,Darren Reyes
1539,Richard Graham
1540,Wanda Ingram
1541,Joel Thomas
1542,Jeremy Johnson
1543,Ronald Marshall
1544,Robert Fischer
1545,Dr. Paul Olson
1546,Cindy Tucker
1547,Darren Smith
1548,Jeremy Nicholson
1549,Kathy Nguyen
1550,Christopher Williams
1551,Evelyn Townsend
1552,Joseph Zavala
1553,Charlene Black
1554,Angel Butler
1555,Adam Delgado
1556,Daniel Mendoza
1557,Ruben Clark
1558,Nicholas Rasmussen
1559,Jason Taylor
1560,Claudia Rice
1561,Sara Lawson
1562,Michael Johnson
1563,Thomas Mills
1564,Michael Thompson
1565,Penny Waters
1566,Gregory Johnson
1567,Sandra Ingram
1568,Kenneth Harmon
1569,Erin Nash
1570,David Smith
1571,Matthew Morris
1572,Norman Porter
1573,Kathryn Morgan
1574,Jeffrey Jones
1575,Alyssa Guerra
1576,Bridget White
1577,James Hood
1578,Daniel Brown
1579,Tony Thomas
1580,Philip Huff
1581,Marilyn Henry
1582,Tracy Rodriguez
1583,Richard Moore
1584,Jacqueline Roberts
1585,Jennifer Tran
1586,Christopher Garcia
1587,Kenneth Clark
1588,Cassidy Johnson
1589,Jason Woodward
1590,Krista Davis
1591,Deborah Gregory
1592,Ronald Brown
1593,Sheena Hayes
1594,Olivia Dorsey
1595,Angela Bradshaw
1596,Richard Beasley
1597,Teresa Carter
1598,Cody Conley
1599,Thomas Bennett
1600,Brian Stokes
1601,Donald Wallace
1602,Sydney Smith
1603,Justin Figueroa
1604,Erika Brown
1605,Lisa Salazar
1606,Mrs. Melissa Robinson
1607,Bethany Haynes
1608,Katherine Weaver MD
1609,Bailey Hughes
1610,Anthony Proctor
1611,Jessica Martinez
1612,Jason Foster
1613,Christopher Roy
1614,Elizabeth Rowland
1615,Deborah Curry
1616,Allison Sharp
1617,Kimberly Turner
1618,Paul Chaney
1619,Sarah Smith
1620,Adam Espinoza
1621,Tyler Richard
1622,Carol Ingram
1623,Paula Blackburn
1624,Cynthia Johnson
1625,Kenneth Johnson
1626,Steven Bailey
1627,Daniel Smith
1628,Hunter Williams
1629,Susan Trujillo
1630,William Wilson
1631,Courtney Morgan
1632,Mitchell Merritt
1633,Jared Gordon
1634,Kristina Neal
1635,Cory Parsons
1636,Christopher Horn
1637,Christopher Simmons
1638,Joshua Reed
1639,Kimberly Brewer
1640,Ronald Kramer
1641,Ann Hobbs
1642,Richard Potter
1643,Terry Carr
1644,Tiffany Wilson
1645,Jon Gonzalez
1646,Mr. Jacob Moore
1647,Janet Larson
1648,Margaret Knight
1649,Gloria Odom
1650,Casey Foster
1651,Daryl Olson
1652,James Raymond
1653,Denise Flores
1654,Katie Hardin
1655,Brian Bullock
1656,Stefanie Simmons
1657,Randall Johnson
1658,Brooke Harmon
1659,Debra Baxter
1660,Corey Thornton
1661,Michael Dalton
1662,Evan Nelson
1663,Brenda Perkins
1664,David Skinner
1665,Jessica Lowery
1666,Charles Owens
1667,Jacqueline Figueroa
1668,Brittany Davis
1669,Michelle King
1670,Erica Huynh
1671,Leslie Fitzgerald
1672,Elizabeth Daniels
1673,Jeffrey Walters PhD
1674,Daniel Young
1675,Kevin Grant
1676,Hunter Williamson
1677,Gerald Moran
1678,Toni Hill
1679,Felicia Gordon
1680,Nancy Moreno
1681,Kimberly Kaufman
1682,Jeffrey Leon
1683,Richard Smith
1684,Jennifer Martinez
1685,Carol Torres
1686,Richard Golden
1687,Angela Richards
1688,Christopher White
1689,Paul Ferguson
1690,Robert Peck
1691,Peter Zhang
1692,Juan Lopez
1693,Shirley Lucas
1694,Tracy Mcguire
1695,Donald Roberts
1696,Linda French
1697,Mary Foster
1698,Jill Taylor
1699,Dennis Guerra
1700,Ryan Mccarty
1701,Cory Jones
1702,Maria Smith
1703,Benjamin Mclaughlin
1704,Daniel Wood
1705,Manuel Taylor
1706,John Miller
1707,Janet Smith
1708,Vincent Huynh
1709,John Johnson
1710,James Mclean
1711,Sandra Brown
1712,Sheila Myers
1713,Joseph Ayers
1714,Kenneth Perez
1715,Devon Davis
1716,Mary Mathews
1717,Christine Dillon
1718,Jason Smith
1719,Lisa Campbell
1720,Jeffrey Taylor
1721,Brett Bailey
1722,Donna Sexton
1723,Christopher Harrison
1724,Kelly Woods
1725,Thomas Johnson
1726,Christine King
1727,Marcus Williams
1728,Jeffrey Jones
1729,Gerald Hunt
1730,Zachary Huff
1731,Luis Lopez V
1732,Stephen Mitchell
1733,Eric Ingram
1734,Jon Robinson
1735,Richard Flynn
1736,Jasmine Scott
1737,Yolanda Martin
1738,Patricia Wood
1739,Ryan Taylor
1740,Amanda Watts
1741,Jose Gross
1742,Matthew Krause
1743,Gerald Mason
1744,Stephen Olson
1745,Carrie Myers
1746,Frank Lawrence
1747,Robert Perkins
1748,Joseph Green
1749,Eric Mathis
1750,Nancy Carter
1751,Tyler Mills
1752,Jim Foster
1753,Joshua Hayes
1754,Savannah Johns
1755,Jason Mcdonald
1756,Jasmine Hall
1757,Rhonda Oconnell
1758,Matthew Khan
1759,Jake Holmes
1760,Amanda Brown
1761,Tim Jackson
1762,Alexandra Holmes
1763,Michael Santos
1764,Janice Roberts
1765,Jason Khan
1766,Steven Perez
1767,Derek Coleman
1768,Christine Sanders
1769,Mary Johnson
1770,Michael Clay
1771,Timothy White
1772,Jason Mathews
1773,Maria Parsons
1774,Patricia Hayes
1775,Jessica Robinson
1776,Megan Stokes
1777,John Harris
1778,Eric Li
1779,Melissa Oneill
1780,Karen Ross
1781,Emily Gamble
1782,Alex Lambert
1783,Charles Poole
1784,Amy Wong
1785,Pamela Hubbard
1786,Jennifer Cummings
1787,James Lopez
1788,Benjamin Hines
1789,Tonya Kemp
1790,Corey Pacheco
1791,Pamela Hicks
1792,Megan Knight
1793,Caitlin Wilson
1794,Michael Church
1795,Patricia Hall
1796,Omar Weeks
1797,Samantha Parker
1798,Jared Carter
1799,Mitchell Garza
1800,Mary Compton
1801,Ray Rosario
1802,William Guzman
1803,Douglas Hampton
1804,Jennifer Johnson
1805,Christopher Jensen
1806,Jessica Smith
1807,Lawrence Martin
1808,Mrs. Susan Newton MD
1809,Robin Terry
1810,Melissa Short
1811,Nathaniel Rodriguez
1812,Scott Smith
1813,Tiffany Nelson
1814,Brian Ware
1815,Sharon Blake
1816,Ashley Santos
1817,Raymond Mccall
1818,Stephanie Valdez
1819,Aaron Ayers
1820,Ashley Brown
1821,Brittney Mccoy
1822,Shawn Harris
1823,Kimberly Holmes
1824,Tonya Jones
1825,Chris Martin
1826,Krista Curtis
1827,Sandra Kirby
1828,Travis Guerrero
1829,Charles Romero
1830,Gina Cunningham
1831,Julie Hill
1832,Joshua Henderson
1833,Ashley Greene
1834,Shannon Jackson
1835,James Smith
1836,Casey Smith
1837,Joy Reid
1838,Wendy Fisher
1839,Sonya Ramirez
1840,Robert James
1841,Maria Cook
1842,Samantha Washington
1843,Christopher Fitzgerald
1844,Matthew Barrett
1845,Matthew Brooks
1846,Albert Davis
1847,Tina Ellis
1848,Clayton Blankenship
1849,Jennifer Velasquez
1850,Danielle Bennett
1851,April Hull
1852,James Anderson
1853,Melissa Williams
1854,Michael Coleman
1855,Angela Patel
1856,Jacob David
1857,Tricia Russo
1858,Denise Wiley
1859,Bridget Bell
1860,Jodi Jimenez
1861,Destiny Joseph
1862,Zachary Yu
1863,Andrew Powell
1864,Reginald Cordova
1865,Kevin Anderson
1866,Latasha Washington
1867,Stacy Stein
1868,Anthony Scott
1869,Jasmine Martin
1870,Manuel Smith
1871,Benjamin Chavez
1872,Lauren Thompson
1873,Jamie Galloway
1874,Theresa Sandoval
1875,Thomas Morrison
1876,Kimberly Lewis
1877,Morgan Grimes
1878,Jose Mckinney
1879,Cody Hendricks
1880,Eric Wright
1881,Amber Meza
1882,Stephanie Li
1883,Curtis Rice
1884,Phillip Miller
1885,Jennifer Johnson DVM
1886,Anthony Werner
1887,Tara Thomas
1888,Nicole Jones
1889,Natalie Stanley
1890,Shelby Simon
1891,Claudia Wilson
1892,Robert Simpson
1893,Mark Stephens
1894,Kevin Fernandez
1895,Sandra Reyes
1896,Richard Case
1897,Terry Rivera
1898,Mariah Brown
1899,George Hall
1900,Kari Simmons
1901,Rebecca Dean
1902,Taylor Morales
1903,Laura Davila
1904,Tammy Werner
1905,William Wood
1906,Sherry Miller
1907,Danielle Mcconnell
1908,Jason Garcia
1909,Laura Spence
1910,Phillip Herman
1911,Patricia Atkinson
1912,David Ayers
1913,Bryan Martin II
1914,Cory Guerrero
1915,Jared Smith
1916,Jon Day Jr.
1917,Hannah Perez MD
1918,Mary Church
1919,Gavin Howell
1920,Linda Jones
1921,John Clark
1922,Edward White
1923,Zachary Hill
1924,Joshua Smith
1925,Jeffrey Wallace
1926,Jennifer Anderson
1927,William Leblanc
1928,Melissa Ruiz
1929,Richard Franklin
1930,Lori Madden
1931,Sarah Proctor
1932,Michael Woodward
1933,Joshua Reed
1934,James Bonilla
1935,Robert Grant
1936,Aaron Reed
1937,Monica Morton
1938,Russell Green
1939,Lisa Caldwell
1940,Melvin Weeks
1941,John Kennedy
1942,Adam Sanchez
1943,Alexandria Collins
1944,Autumn Hill
1945,Philip Munoz
1946,Kimberly Thompson
1947,Allison Clark
1948,Randy Wang
1949,Amanda Palmer
1950,Kimberly Ross
1951,Lori Steele
1952,Jeremy Fernandez
1953,Frank Franklin
1954,Wesley Reyes
1955,Michelle Clark
1956,David Le
1957,Anthony Lee
1958,Mrs. Sarah Gordon
1959,Amy Mack
1960,Andrew Cortez
1961,Karen Novak
1962,Amanda Shelton
1963,Michael Davis
1964,Samantha Soto
1965,Sharon Miller
1966,Scott Thomas
1967,Brett Rogers
1968,George Williams
1969,James Lopez
1970,Kirk Powell
1971,Jesse Sutton
1972,Bridget Edwards DDS
1973,Adam Woods
1974,Michael Phillips
1975,Tina Brown
1976,Stephanie Barton
1977,Stephanie Miller
1978,Donna Reese
1979,Laura Daniel
1980,Jennifer Sparks
1981,Yolanda Anderson
1982,David Warner
1983,Tammy Cox
1984,Brenda Cruz
1985,Elizabeth Anderson
1986,Mr. Jerry Robinson
1987,James Rivera
1988,Jennifer Williams
1989,Jeffrey Smith
1990,Nicholas Eaton
1991,Mark Adams
1992,Joshua Martinez
1993,Laurie Vargas
1994,Amy Yang DDS
1995,Chad Franklin
1996,Michael Saunders
1997,Jacob Mcdonald
1998,Crystal Rodriguez
1999,Chelsea Long
2000,Mitchell Jordan
